hari,tanggal,jumlah_sampling,positif,negatif,invalid,id
Rabu,2023-07-19 00:00:00,5555193,1448357,4094357,12479,1
Sabtu,2023-07-15 00:00:00,5554701,1448344,4093879,12478,2
Jumat,2023-07-14 00:00:00,5554515,1448334,4093703,12478,3
Kamis,2023-07-13 00:00:00,5554292,1448328,4093486,12478,4
Rabu,2023-07-12 00:00:00,5554125,1448323,4093324,12478,5
Selasa,2023-07-11 00:00:00,5553891,1448316,4093097,12478,6
Senin,2023-07-10 00:00:00,5553563,1448307,4092778,12478,7
Minggu,2023-07-09 00:00:00,5553419,1448303,4092638,12478,8
Sabtu,2023-07-08 00:00:00,5553281,1448300,4092503,12478,9
Jumat,2023-07-07 00:00:00,5553102,1448286,4092338,12478,10
Kamis,2023-07-06 00:00:00,5552861,1448280,4092103,12478,11
Rabu,2023-07-05 00:00:00,5552598,1448269,4091851,12478,12
Selasa,2023-07-04 00:00:00,5552307,1448263,4091566,12478,13
Senin,2023-07-03 00:00:00,5551867,1448249,4091140,12478,14
Minggu,2023-07-02 00:00:00,5551704,1448242,4090984,12478,15
Sabtu,2023-07-01 00:00:00,5551486,1448239,4090769,12478,16
Jumat,2023-06-30 00:00:00,5551279,1448234,4090567,12478,17
Kamis,2023-06-29 00:00:00,5551178,1448231,4090469,12478,18
Rabu,2023-06-28 00:00:00,5551089,1448226,4090385,12478,19
Selasa,2023-06-27 00:00:00,5550845,1448217,4090150,12478,20
Senin,2023-06-26 00:00:00,5550517,1448200,4089839,12478,21
Minggu,2023-06-25 00:00:00,5550262,1448183,4089601,12478,22
Sabtu,2023-06-24 00:00:00,5550051,1448167,4089406,12478,23
Jumat,2023-06-23 00:00:00,5549790,1448157,4089155,12478,24
Kamis,2023-06-22 00:00:00,5549441,1448149,4088814,12478,25
Rabu,2023-06-21 00:00:00,5549122,1448130,4088514,12478,26
Selasa,2023-06-20 00:00:00,5548673,1448111,4088084,12478,27
Senin,2023-06-19 00:00:00,5548262,1448091,4087694,12477,28
Minggu,2023-06-18 00:00:00,5547944,1448069,4087398,12477,29
Sabtu,2023-06-17 00:00:00,5547761,1448061,4087224,12476,30
Jumat,2023-06-16 00:00:00,5547396,1448045,4086875,12476,31
Kamis,2023-06-15 00:00:00,5547038,1448020,4086542,12476,32
Rabu,2023-06-14 00:00:00,5546636,1447992,4086170,12474,33
Selasa,2023-06-13 00:00:00,5546151,1447954,4085723,12474,34
Senin,2023-06-12 00:00:00,5545639,1447917,4085248,12474,35
Minggu,2023-06-11 00:00:00,5545351,1447900,4084977,12474,36
Sabtu,2023-06-10 00:00:00,5545021,1447869,4084678,12474,37
Jumat,2023-06-09 00:00:00,5544602,1447831,4084297,12474,38
Kamis,2023-06-08 00:00:00,5544169,1447789,4083906,12474,39
Rabu,2023-06-07 00:00:00,5543802,1447740,4083588,12474,40
Selasa,2023-06-06 00:00:00,5543276,1447698,4083104,12474,41
Senin,2023-06-05 00:00:00,5542667,1447591,4082603,12473,42
Minggu,2023-06-04 00:00:00,5542380,1447550,4082357,12473,43
Sabtu,2023-06-03 00:00:00,5542075,1447486,4082116,12473,44
Jumat,2023-06-02 00:00:00,5541619,1447414,4081732,12473,45
Kamis,2023-06-01 00:00:00,5541368,1447366,4081529,12473,46
Rabu,2023-05-31 00:00:00,5541021,1447314,4081234,12473,47
Selasa,2023-05-30 00:00:00,5540570,1447247,4080850,12473,48
Senin,2023-05-29 00:00:00,5539938,1447129,4080336,12473,49
Minggu,2023-05-28 00:00:00,5539634,1447089,4080072,12473,50
Sabtu,2023-05-27 00:00:00,5539320,1447039,4079808,12473,51
Jumat,2023-05-26 00:00:00,5538795,1446919,4079403,12473,52
Kamis,2023-05-25 00:00:00,5538206,1446803,4078930,12473,53
Rabu,2023-05-24 00:00:00,5537721,1446695,4078553,12473,54
Selasa,2023-05-23 00:00:00,5537059,1446551,4078035,12473,55
Senin,2023-05-22 00:00:00,5536304,1446377,4077455,12472,56
Minggu,2023-05-21 00:00:00,5535995,1446274,4077249,12472,57
Sabtu,2023-05-20 00:00:00,5535574,1446174,4076928,12472,58
Jumat,2023-05-19 00:00:00,5534854,1446007,4076375,12472,59
Kamis,2023-05-18 00:00:00,5534272,1445867,4075933,12472,60
Rabu,2023-05-17 00:00:00,5533762,1445716,4075575,12471,61
Selasa,2023-05-16 00:00:00,5532911,1445498,4074942,12471,62
Senin,2023-05-15 00:00:00,5532422,1445353,4074598,12471,63
Minggu,2023-05-14 00:00:00,5538347,1447696,4078176,12475,64
Sabtu,2023-05-13 00:00:00,5537832,1447508,4077849,12475,65
Jumat,2023-05-12 00:00:00,5537196,1447325,4077397,12474,66
Kamis,2023-05-11 00:00:00,5536435,1447079,4076882,12474,67
Rabu,2023-05-10 00:00:00,5535491,1446762,4076255,12474,68
Selasa,2023-05-09 00:00:00,5534656,1446481,4075701,12474,69
Senin,2023-05-08 00:00:00,5533586,1446104,4075008,12474,70
Minggu,2023-05-07 00:00:00,5533049,1445926,4074649,12474,71
Sabtu,2023-05-06 00:00:00,5532364,1445682,4074208,12474,72
Jumat,2023-05-05 00:00:00,5531479,1445352,4073653,12474,73
Kamis,2023-05-04 00:00:00,5530556,1444985,4073100,12471,74
Rabu,2023-05-03 00:00:00,5529545,1444590,4072484,12471,75
Selasa,2023-05-02 00:00:00,5528394,1444068,4071855,12471,76
Senin,2023-05-01 00:00:00,5527729,1443779,4071479,12471,77
Minggu,2023-04-30 00:00:00,5527286,1443607,4071208,12471,78
Sabtu,2023-04-29 00:00:00,5526656,1443350,4070835,12471,79
Jumat,2023-04-28 00:00:00,5525864,1442972,4070422,12470,80
Kamis,2023-04-27 00:00:00,5525000,1442619,4069912,12469,81
Rabu,2023-04-26 00:00:00,5524083,1442240,4069374,12469,82
Selasa,2023-04-25 00:00:00,5523393,1441935,4068990,12468,83
Senin,2023-04-24 00:00:00,5522852,1441701,4068683,12468,84
Minggu,2023-04-23 00:00:00,5522619,1441605,4068546,12468,85
Sabtu,2023-04-22 00:00:00,5522487,1441540,4068479,12468,86
Jumat,2023-04-21 00:00:00,5522247,1441420,4068359,12468,87
Kamis,2023-04-20 00:00:00,5521872,1441251,4068153,12468,88
Rabu,2023-04-19 00:00:00,5521466,1441096,4067902,12468,89
Selasa,2023-04-18 00:00:00,5520905,1440900,4067537,12468,90
Senin,2023-04-17 00:00:00,5520156,1440686,4067002,12468,91
Minggu,2023-04-16 00:00:00,5519741,1440560,4066713,12468,92
Sabtu,2023-04-15 00:00:00,5519374,1440434,4066472,12468,93
Jumat,2023-04-14 00:00:00,5518889,1440260,4066163,12466,94
Kamis,2023-04-13 00:00:00,5518311,1440108,4065737,12466,95
Rabu,2023-04-12 00:00:00,5517783,1439969,4065351,12463,96
Selasa,2023-04-11 00:00:00,5517244,1439823,4064958,12463,97
Senin,2023-04-10 00:00:00,5516445,1439639,4064343,12463,98
Minggu,2023-04-09 00:00:00,5516034,1439553,4064018,12463,99
Sabtu,2023-04-08 00:00:00,5515607,1439455,4063690,12462,100
Jumat,2023-04-07 00:00:00,5515388,1439395,4063531,12462,101
Kamis,2023-04-06 00:00:00,5514994,1439299,4063233,12462,102
Rabu,2023-04-05 00:00:00,5514577,1439198,4062917,12462,103
Selasa,2023-04-04 00:00:00,5514057,1439085,4062510,12462,104
Senin,2023-04-03 00:00:00,5513318,1438934,4061922,12462,105
Minggu,2023-04-02 00:00:00,5512989,1438868,4061659,12462,106
Sabtu,2023-04-01 00:00:00,5512654,1438818,4061374,12462,107
Jumat,2023-03-31 00:00:00,5512184,1438725,4060997,12462,108
Kamis,2023-03-30 00:00:00,5511635,1438634,4060540,12461,109
Rabu,2023-03-29 00:00:00,5511100,1438525,4060114,12461,110
Selasa,2023-03-28 00:00:00,5510383,1438393,4059530,12460,111
Senin,2023-03-27 00:00:00,5509761,1438306,4058995,12460,112
Minggu,2023-03-26 00:00:00,5509340,1438243,4058637,12460,113
Sabtu,2023-03-25 00:00:00,5508815,1438174,4058181,12460,114
Jumat,2023-03-24 00:00:00,5508272,1438072,4057740,12460,115
Kamis,2023-03-23 00:00:00,5507801,1437991,4057350,12460,116
Rabu,2023-03-22 00:00:00,5507461,1437956,4057045,12460,117
Selasa,2023-03-21 00:00:00,5506893,1437860,4056575,12458,118
Senin,2023-03-20 00:00:00,5506179,1437777,4055944,12458,119
Minggu,2023-03-19 00:00:00,5505736,1437726,4055552,12458,120
Sabtu,2023-03-18 00:00:00,5505213,1437658,4055097,12458,121
Jumat,2023-03-17 00:00:00,5504672,1437588,4054626,12458,122
Kamis,2023-03-16 00:00:00,5503519,1437488,4053573,12458,123
Rabu,2023-03-15 00:00:00,5502852,1437404,4052990,12458,124
Selasa,2023-03-14 00:00:00,5502118,1437340,4052320,12458,125
Senin,2023-03-13 00:00:00,5501278,1437235,4051585,12458,126
Minggu,2023-03-12 00:00:00,5500810,1437177,4051175,12458,127
Sabtu,2023-03-11 00:00:00,5500274,1437126,4050690,12458,128
Jumat,2023-03-10 00:00:00,5499676,1437046,4050172,12458,129
Kamis,2023-03-09 00:00:00,5499098,1436973,4049668,12457,130
Rabu,2023-03-08 00:00:00,5498463,1436899,4049108,12456,131
Selasa,2023-03-07 00:00:00,5497725,1436826,4048443,12456,132
Senin,2023-03-06 00:00:00,5496891,1436747,4047688,12456,133
Minggu,2023-03-05 00:00:00,5496372,1436695,4047221,12456,134
Sabtu,2023-03-04 00:00:00,5495877,1436650,4046771,12456,135
Jumat,2023-03-03 00:00:00,5495171,1436596,4046119,12456,136
Kamis,2023-03-02 00:00:00,5494569,1436550,4045563,12456,137
Rabu,2023-03-01 00:00:00,5493888,1436478,4044954,12456,138
Selasa,2023-02-28 00:00:00,5493078,1436400,4044222,12456,139
Senin,2023-02-27 00:00:00,5492233,1436328,4043449,12456,140
Minggu,2023-02-26 00:00:00,5491813,1436285,4043072,12456,141
Sabtu,2023-02-25 00:00:00,5491293,1436253,4042584,12456,142
Jumat,2023-02-24 00:00:00,5490735,1436209,4042070,12456,143
Kamis,2023-02-23 00:00:00,5490158,1436150,4041552,12456,144
Rabu,2023-02-22 00:00:00,5489499,1436099,4040944,12456,145
Selasa,2023-02-21 00:00:00,5488815,1436047,4040313,12455,146
Senin,2023-02-20 00:00:00,5487896,1435974,4039467,12455,147
Minggu,2023-02-19 00:00:00,5487449,1435946,4039048,12455,148
Sabtu,2023-02-18 00:00:00,5487047,1435914,4038678,12455,149
Jumat,2023-02-17 00:00:00,5486415,1435874,4038086,12455,150
Kamis,2023-02-16 00:00:00,5485916,1435827,4037634,12455,151
Rabu,2023-02-15 00:00:00,5485288,1435776,4037057,12455,152
Selasa,2023-02-14 00:00:00,5484490,1435717,4036319,12454,153
Senin,2023-02-13 00:00:00,5483565,1435661,4035450,12454,154
Minggu,2023-02-12 00:00:00,5482974,1435630,4034890,12454,155
Sabtu,2023-02-11 00:00:00,5482373,1435590,4034329,12454,156
Jumat,2023-02-10 00:00:00,5481727,1435535,4033738,12454,157
Kamis,2023-02-09 00:00:00,5481026,1435478,4033095,12453,158
Rabu,2023-02-08 00:00:00,5480272,1435427,4032392,12453,159
Selasa,2023-02-07 00:00:00,5479524,1435368,4031703,12453,160
Senin,2023-02-06 00:00:00,5478465,1435295,4030717,12453,161
Minggu,2023-02-05 00:00:00,5477981,1435257,4030271,12453,162
Sabtu,2023-02-04 00:00:00,5477384,1435227,4029704,12453,163
Jumat,2023-02-03 00:00:00,5476447,1435181,4028813,12453,164
Kamis,2023-02-02 00:00:00,5474655,1435125,4027078,12452,165
Rabu,2023-02-01 00:00:00,5473915,1435074,4026389,12452,166
Selasa,2023-01-31 00:00:00,5472914,1435018,4025444,12452,167
Senin,2023-01-30 00:00:00,5471969,1434941,4024576,12452,168
Minggu,2023-01-29 00:00:00,5471384,1434906,4024026,12452,169
Sabtu,2023-01-28 00:00:00,5470582,1434863,4023267,12452,170
Jumat,2023-01-27 00:00:00,5469980,1434811,4022718,12451,171
Kamis,2023-01-26 00:00:00,5469057,1434717,4021889,12451,172
Rabu,2023-01-25 00:00:00,5467929,1434649,4020829,12451,173
Selasa,2023-01-24 00:00:00,5466948,1434566,4019932,12450,174
Senin,2023-01-23 00:00:00,5466172,1434514,4019208,12450,175
Minggu,2023-01-22 00:00:00,5465725,1434479,4018796,12450,176
Sabtu,2023-01-21 00:00:00,5465145,1434427,4018269,12449,177
Jumat,2023-01-20 00:00:00,5464338,1434341,4017548,12449,178
Kamis,2023-01-19 00:00:00,5463553,1434271,4016833,12449,179
Rabu,2023-01-18 00:00:00,5462497,1434194,4015855,12448,180
Selasa,2023-01-17 00:00:00,5460888,1433999,4014441,12448,181
Senin,2023-01-16 00:00:00,5459712,1433879,4013386,12447,182
Minggu,2023-01-15 00:00:00,5459001,1433814,4012740,12447,183
Sabtu,2023-01-14 00:00:00,5458165,1433745,4011973,12447,184
Jumat,2023-01-13 00:00:00,5457288,1433644,4011197,12447,185
Kamis,2023-01-12 00:00:00,5456265,1433554,4010264,12447,186
Rabu,2023-01-11 00:00:00,5455309,1433456,4009407,12446,187
Selasa,2023-01-10 00:00:00,5454233,1433365,4008423,12445,188
Senin,2023-01-09 00:00:00,5453073,1433238,4007393,12442,189
Minggu,2023-01-08 00:00:00,5452146,1433177,4006527,12442,190
Sabtu,2023-01-07 00:00:00,5451295,1433088,4005765,12442,191
Jumat,2023-01-06 00:00:00,5450282,1432968,4004873,12441,192
Kamis,2023-01-05 00:00:00,5448956,1432819,4003696,12441,193
Rabu,2023-01-04 00:00:00,5447898,1432695,4002762,12441,194
Selasa,2023-01-03 00:00:00,5446799,1432552,4001809,12438,195
Senin,2023-01-02 00:00:00,5445247,1432360,4000450,12437,196
Minggu,2023-01-01 00:00:00,5444256,1432301,3999518,12437,197
Sabtu,2022-12-31 00:00:00,5443395,1432197,3998762,12436,198
Jumat,2022-12-30 00:00:00,5442544,1432071,3998037,12436,199
Kamis,2022-12-29 00:00:00,5441488,1431919,3997133,12436,200
Rabu,2022-12-28 00:00:00,5439753,1431729,3995588,12436,201
Selasa,2022-12-27 00:00:00,5438239,1431528,3994276,12435,202
Senin,2022-12-26 00:00:00,5436779,1431291,3993053,12435,203
Minggu,2022-12-25 00:00:00,5435464,1431163,3991867,12434,204
Sabtu,2022-12-24 00:00:00,5434560,1431013,3991116,12431,205
Jumat,2022-12-23 00:00:00,5433151,1430781,3989940,12430,206
Kamis,2022-12-22 00:00:00,5431112,1430506,3988177,12429,207
Rabu,2022-12-21 00:00:00,5428863,1430224,3986211,12428,208
Selasa,2022-12-20 00:00:00,5427319,1429955,3984938,12426,209
Senin,2022-12-19 00:00:00,5425384,1429618,3983340,12426,210
Minggu,2022-12-18 00:00:00,5424281,1429418,3982437,12426,211
Sabtu,2022-12-17 00:00:00,5422935,1429134,3981377,12424,212
Jumat,2022-12-16 00:00:00,5421205,1428770,3980014,12421,213
Kamis,2022-12-15 00:00:00,5419233,1428398,3978414,12421,214
Rabu,2022-12-14 00:00:00,5417390,1427898,3977071,12421,215
Selasa,2022-12-13 00:00:00,5414949,1427348,3975181,12420,216
Senin,2022-12-12 00:00:00,5412579,1426763,3973400,12416,217
Minggu,2022-12-11 00:00:00,5411147,1426448,3972283,12416,218
Sabtu,2022-12-10 00:00:00,5409279,1426003,3970864,12412,219
Jumat,2022-12-09 00:00:00,5407253,1425410,3969432,12411,220
Kamis,2022-12-08 00:00:00,5404714,1424782,3967521,12411,221
Rabu,2022-12-07 00:00:00,5402342,1424008,3965924,12410,222
Selasa,2022-12-06 00:00:00,5399881,1423233,3964240,12408,223
Senin,2022-12-05 00:00:00,5396951,1422342,3962202,12407,224
Minggu,2022-12-04 00:00:00,5395015,1421785,3960823,12407,225
Sabtu,2022-12-03 00:00:00,5392960,1421167,3959388,12405,226
Jumat,2022-12-02 00:00:00,5390358,1420357,3957597,12404,227
Kamis,2022-12-01 00:00:00,5386819,1419465,3954952,12402,228
Rabu,2022-11-30 00:00:00,5383332,1418450,3952481,12401,229
Selasa,2022-11-29 00:00:00,5379444,1417345,3949701,12398,230
Senin,2022-11-28 00:00:00,5375365,1416108,3946861,12396,231
Minggu,2022-11-27 00:00:00,5372962,1415432,3945134,12396,232
Sabtu,2022-11-26 00:00:00,5370541,1414587,3943558,12396,233
Jumat,2022-11-25 00:00:00,5367799,1413613,3941794,12392,234
Kamis,2022-11-24 00:00:00,5364609,1412477,3939743,12389,235
Rabu,2022-11-23 00:00:00,5360785,1411134,3937263,12388,236
Selasa,2022-11-22 00:00:00,5357483,1409957,3935140,12386,237
Senin,2022-11-21 00:00:00,5353213,1408501,3932327,12385,238
Minggu,2022-11-20 00:00:00,5350810,1407764,3930661,12385,239
Sabtu,2022-11-19 00:00:00,5348642,1406961,3929297,12384,240
Jumat,2022-11-18 00:00:00,5345742,1405944,3927415,12383,241
Kamis,2022-11-17 00:00:00,5342658,1404876,3925400,12382,242
Rabu,2022-11-16 00:00:00,5339199,1403749,3923069,12381,243
Selasa,2022-11-15 00:00:00,5335263,1402466,3920417,12380,244
Senin,2022-11-14 00:00:00,5331161,1401165,3917618,12378,245
Minggu,2022-11-13 00:00:00,5328107,1400499,3915230,12378,246
Sabtu,2022-11-12 00:00:00,5325260,1399816,3913066,12378,247
Jumat,2022-11-11 00:00:00,5402485,1420231,3969877,12377,248
Kamis,2022-11-10 00:00:00,5399899,1419405,3968117,12377,249
Rabu,2022-11-09 00:00:00,5397083,1418559,3966149,12375,250
Selasa,2022-11-08 00:00:00,5394302,1417844,3964084,12374,251
Senin,2022-11-07 00:00:00,5391572,1416998,3962200,12374,252
Minggu,2022-11-06 00:00:00,5389284,1416442,3960469,12373,253
Sabtu,2022-11-05 00:00:00,5386796,1415943,3958480,12373,254
Jumat,2022-11-04 00:00:00,5384562,1415319,3956870,12373,255
Kamis,2022-11-03 00:00:00,5381900,1414683,3954846,12371,256
Rabu,2022-11-02 00:00:00,5379182,1414089,3952723,12370,257
Selasa,2022-11-01 00:00:00,5376213,1413457,3950388,12368,258
Senin,2022-10-31 00:00:00,5373261,1412864,3948031,12366,259
Minggu,2022-10-30 00:00:00,5371127,1412541,3946220,12366,260
Sabtu,2022-10-29 00:00:00,5369192,1412181,3944645,12366,261
Jumat,2022-10-28 00:00:00,5367040,1411807,3942869,12364,262
Kamis,2022-10-27 00:00:00,5364739,1411391,3940989,12359,263
Rabu,2022-10-26 00:00:00,5362456,1411024,3939075,12357,264
Selasa,2022-10-25 00:00:00,5360018,1410578,3937083,12357,265
Senin,2022-10-24 00:00:00,5357203,1410109,3934743,12351,266
Minggu,2022-10-23 00:00:00,5355308,1409836,3933121,12351,267
Sabtu,2022-10-22 00:00:00,5353945,1409627,3931968,12350,268
Jumat,2022-10-21 00:00:00,5352182,1409339,3930494,12349,269
Kamis,2022-10-20 00:00:00,5270506,1387851,3870306,12349,270
Rabu,2022-10-19 00:00:00,5268142,1387541,3868255,12346,271
Selasa,2022-10-18 00:00:00,5265877,1387230,3866301,12346,272
Senin,2022-10-17 00:00:00,5263686,1386883,3864458,12345,273
Minggu,2022-10-16 00:00:00,5262059,1386691,3863024,12344,274
Sabtu,2022-10-15 00:00:00,5260662,1386467,3861851,12344,275
Jumat,2022-10-14 00:00:00,5259109,1386190,3860576,12343,276
Kamis,2022-10-13 00:00:00,5257161,1385932,3858886,12343,277
Rabu,2022-10-12 00:00:00,5255068,1385640,3857085,12343,278
Selasa,2022-10-11 00:00:00,5252612,1385332,3854939,12341,279
Senin,2022-10-10 00:00:00,5170911,1363815,3794756,12340,280
Minggu,2022-10-09 00:00:00,5248766,1384758,3851668,12340,281
Sabtu,2022-10-08 00:00:00,5247596,1384580,3850676,12340,282
Jumat,2022-10-07 00:00:00,5245916,1384330,3849246,12340,283
Kamis,2022-10-06 00:00:00,5243909,1384075,3847495,12339,284
Rabu,2022-10-05 00:00:00,5241860,1383734,3845787,12339,285
Selasa,2022-10-04 00:00:00,5239700,1383434,3843927,12339,286
Senin,2022-10-03 00:00:00,5237319,1383071,3841911,12337,287
Minggu,2022-10-02 00:00:00,5235770,1382837,3840596,12337,288
Sabtu,2022-10-01 00:00:00,5234040,1382603,3839101,12336,289
Jumat,2022-09-30 00:00:00,5231544,1382244,3836966,12334,290
Kamis,2022-09-29 00:00:00,5229166,1381929,3834904,12333,291
Rabu,2022-09-28 00:00:00,5226486,1381568,3832586,12332,292
Selasa,2022-09-27 00:00:00,5223825,1381232,3830262,12331,293
Senin,2022-09-26 00:00:00,5221056,1380854,3827873,12329,294
Minggu,2022-09-25 00:00:00,5219377,1380618,3826430,12329,295
Sabtu,2022-09-24 00:00:00,5217856,1380365,3825167,12324,296
Jumat,2022-09-23 00:00:00,5215683,1380001,3823360,12322,297
Kamis,2022-09-22 00:00:00,5213392,1379605,3821466,12321,298
Rabu,2022-09-21 00:00:00,5210786,1379227,3819238,12321,299
Selasa,2022-09-20 00:00:00,5207707,1378802,3816586,12319,300
Senin,2022-09-19 00:00:00,5204524,1378332,3813874,12318,301
Minggu,2022-09-18 00:00:00,5202620,1378013,3812289,12318,302
Sabtu,2022-09-17 00:00:00,5200896,1377710,3810869,12317,303
Jumat,2022-09-16 00:00:00,5198732,1377260,3809157,12315,304
Kamis,2022-09-15 00:00:00,5196174,1376806,3807053,12315,305
Rabu,2022-09-14 00:00:00,5193425,1376319,3804793,12313,306
Selasa,2022-09-13 00:00:00,5190855,1375822,3802720,12313,307
Senin,2022-09-12 00:00:00,5187796,1375186,3800298,12312,308
Minggu,2022-09-11 00:00:00,5186260,1374873,3799076,12311,309
Sabtu,2022-09-10 00:00:00,5184334,1374475,3797550,12309,310
Jumat,2022-09-09 00:00:00,5181954,1373989,3795657,12308,311
Kamis,2022-09-08 00:00:00,5179473,1373494,3793672,12307,312
Rabu,2022-09-07 00:00:00,5176381,1372919,3791155,12307,313
Selasa,2022-09-06 00:00:00,5173044,1372176,3788562,12306,314
Senin,2022-09-05 00:00:00,5169684,1371430,3785951,12303,315
Minggu,2022-09-04 00:00:00,5166624,1370956,3783365,12303,316
Sabtu,2022-09-03 00:00:00,5164216,1370430,3781484,12302,317
Jumat,2022-09-02 00:00:00,5161102,1369707,3779094,12301,318
Kamis,2022-09-01 00:00:00,5157680,1369010,3776372,12298,319
Rabu,2022-08-31 00:00:00,5153904,1368227,3773380,12297,320
Selasa,2022-08-30 00:00:00,5150035,1367247,3770491,12297,321
Senin,2022-08-29 00:00:00,5144488,1365706,3766490,12292,322
Minggu,2022-08-28 00:00:00,5141950,1365085,3764573,12292,323
Sabtu,2022-08-27 00:00:00,5138399,1364343,3761769,12287,324
Jumat,2022-08-26 00:00:00,5134100,1363466,3758348,12286,325
Kamis,2022-08-25 00:00:00,5129850,1362502,3755062,12286,326
Rabu,2022-08-24 00:00:00,5124649,1361430,3750937,12282,327
Selasa,2022-08-23 00:00:00,5120245,1360401,3747562,12282,328
Senin,2022-08-22 00:00:00,5115219,1359250,3743692,12277,329
Minggu,2022-08-21 00:00:00,5112187,1358486,3741428,12273,330
Sabtu,2022-08-20 00:00:00,5109083,1357691,3739119,12273,331
Jumat,2022-08-19 00:00:00,5105116,1356665,3736178,12273,332
Kamis,2022-08-18 00:00:00,5100490,1355591,3732629,12270,333
Rabu,2022-08-17 00:00:00,5097144,1354851,3730024,12269,334
Selasa,2022-08-16 00:00:00,5092636,1353729,3726639,12268,335
Senin,2022-08-15 00:00:00,5088223,1352476,3723482,12265,336
Minggu,2022-08-14 00:00:00,5085461,1351765,3721432,12264,337
Sabtu,2022-08-13 00:00:00,5082240,1350875,3719107,12258,338
Jumat,2022-08-12 00:00:00,5077936,1349692,3715988,12256,339
Kamis,2022-08-11 00:00:00,5072625,1348449,3711920,12256,340
Rabu,2022-08-10 00:00:00,5067630,1347165,3708210,12255,341
Selasa,2022-08-09 00:00:00,5062421,1345736,3704432,12253,342
Senin,2022-08-08 00:00:00,5056284,1344150,3699891,12243,343
Minggu,2022-08-07 00:00:00,5052817,1343256,3697318,12243,344
Sabtu,2022-08-06 00:00:00,5049348,1342443,3694663,12242,345
Jumat,2022-08-05 00:00:00,5044376,1341203,3690933,12240,346
Kamis,2022-08-04 00:00:00,5039565,1340069,3687259,12237,347
Rabu,2022-08-03 00:00:00,5034212,1338599,3683379,12234,348
Selasa,2022-08-02 00:00:00,5029997,1337290,3680475,12232,349
Senin,2022-08-01 00:00:00,5024564,1335785,3676550,12229,350
Minggu,2022-07-31 00:00:00,5021331,1334964,3674139,12228,351
Sabtu,2022-07-30 00:00:00,5018930,1334304,3672398,12228,352
Jumat,2022-07-29 00:00:00,5013776,1333282,3668272,12222,353
Kamis,2022-07-28 00:00:00,5008880,1332253,3664409,12218,354
Rabu,2022-07-27 00:00:00,5003903,1331128,3660559,12216,355
Selasa,2022-07-26 00:00:00,4998568,1329954,3656399,12215,356
Senin,2022-07-25 00:00:00,4992998,1328758,3652028,12212,357
Minggu,2022-07-24 00:00:00,4990337,1328119,3650006,12212,358
Sabtu,2022-07-23 00:00:00,4987305,1327445,3647652,12208,359
Jumat,2022-07-22 00:00:00,4983169,1326588,3644376,12205,360
Kamis,2022-07-21 00:00:00,4979251,1325709,3641339,12203,361
Rabu,2022-07-20 00:00:00,4974978,1324857,3637921,12200,362
Selasa,2022-07-19 00:00:00,4970721,1323900,3634622,12199,363
Senin,2022-07-18 00:00:00,4966656,1322974,3631483,12199,364
Minggu,2022-07-17 00:00:00,4963981,1322432,3629352,12197,365
Sabtu,2022-07-16 00:00:00,4960469,1321933,3626340,12196,366
Jumat,2022-07-15 00:00:00,4956881,1321103,3623583,12195,367
Kamis,2022-07-14 00:00:00,4953544,1320511,3620839,12194,368
Rabu,2022-07-13 00:00:00,4950058,1319919,3617945,12194,369
Selasa,2022-07-12 00:00:00,4946477,1319313,3614970,12194,370
Senin,2022-07-11 00:00:00,4942214,1318628,3611393,12193,371
Minggu,2022-07-10 00:00:00,4939840,1318385,3609263,12192,372
Sabtu,2022-07-09 00:00:00,4938187,1318067,3607928,12192,373
Jumat,2022-07-08 00:00:00,4935173,1317578,3605409,12186,374
Kamis,2022-07-07 00:00:00,4931875,1317104,3602586,12185,375
Rabu,2022-07-06 00:00:00,4928580,1316561,3599834,12185,376
Selasa,2022-07-05 00:00:00,4924731,1316073,3596475,12183,377
Senin,2022-07-04 00:00:00,4921198,1315585,3593430,12183,378
Minggu,2022-07-03 00:00:00,4919311,1315333,3591795,12183,379
Sabtu,2022-07-02 00:00:00,4917138,1315027,3589931,12180,380
Jumat,2022-07-01 00:00:00,4914491,1314685,3587627,12179,381
Kamis,2022-06-30 00:00:00,4910919,1314301,3584440,12178,382
Rabu,2022-06-29 00:00:00,4906816,1313932,3580708,12176,383
Selasa,2022-06-28 00:00:00,4903397,1313580,3577644,12173,384
Senin,2022-06-27 00:00:00,4898957,1313216,3573568,12173,385
Minggu,2022-06-26 00:00:00,4896538,1312996,3571370,12172,386
Sabtu,2022-06-25 00:00:00,4894054,1312735,3569148,12171,387
Jumat,2022-06-24 00:00:00,4890763,1312465,3566129,12169,388
Kamis,2022-06-23 00:00:00,4887269,1312150,3562955,12164,389
Rabu,2022-06-22 00:00:00,4884108,1311827,3560119,12162,390
Selasa,2022-06-21 00:00:00,4880484,1311569,3556755,12160,391
Senin,2022-06-20 00:00:00,4877201,1311313,3553728,12160,392
Minggu,2022-06-19 00:00:00,4874797,1311153,3551485,12159,393
Sabtu,2022-06-18 00:00:00,4872884,1311013,3549714,12157,394
Jumat,2022-06-17 00:00:00,4870279,1310840,3547282,12157,395
Kamis,2022-06-16 00:00:00,4867078,1310664,3544257,12157,396
Rabu,2022-06-15 00:00:00,4863563,1310521,3540891,12151,397
Selasa,2022-06-14 00:00:00,4859305,1310318,3536836,12151,398
Senin,2022-06-13 00:00:00,4856402,1310183,3534069,12150,399
Minggu,2022-06-12 00:00:00,4853291,1310120,3531022,12149,400
Sabtu,2022-06-11 00:00:00,4850402,1310059,3528194,12149,401
Jumat,2022-06-10 00:00:00,4848454,1309987,3526318,12149,402
Kamis,2022-06-09 00:00:00,4846199,1309891,3524160,12148,403
Rabu,2022-06-08 00:00:00,4843335,1309818,3521369,12148,404
Selasa,2022-06-07 00:00:00,4841073,1309736,3519189,12148,405
Senin,2022-06-06 00:00:00,4838559,1309655,3516756,12148,406
Minggu,2022-06-05 00:00:00,4836565,1309605,3514812,12148,407
Sabtu,2022-06-04 00:00:00,4834571,1309544,3512879,12148,408
Jumat,2022-06-03 00:00:00,4831511,1309488,3509875,12148,409
Kamis,2022-06-02 00:00:00,4828823,1309435,3507241,12147,410
Rabu,2022-06-01 00:00:00,4827147,1309402,3505598,12147,411
Selasa,2022-05-31 00:00:00,4824867,1309352,3503368,12147,412
Senin,2022-05-30 00:00:00,4822003,1309269,3500589,12145,413
Minggu,2022-05-29 00:00:00,4820350,1309223,3498985,12142,414
Sabtu,2022-05-28 00:00:00,4818672,1309177,3497354,12141,415
Jumat,2022-05-27 00:00:00,4816669,1309119,3495410,12140,416
Kamis,2022-05-26 00:00:00,4814618,1309096,3493382,12140,417
Rabu,2022-05-25 00:00:00,4812015,1309073,3490803,12139,418
Selasa,2022-05-24 00:00:00,4809044,1309027,3487878,12139,419
Senin,2022-05-23 00:00:00,4806189,1308969,3485082,12138,420
Minggu,2022-05-22 00:00:00,4804751,1308941,3483672,12138,421
Sabtu,2022-05-21 00:00:00,4803121,1308917,3482066,12138,422
Jumat,2022-05-20 00:00:00,4801304,1308883,3480283,12138,423
Kamis,2022-05-19 00:00:00,4798941,1308841,3477962,12138,424
Rabu,2022-05-18 00:00:00,4795908,1308783,3474988,12137,425
Selasa,2022-05-17 00:00:00,4792894,1308714,3472043,12137,426
Senin,2022-05-16 00:00:00,4790014,1308680,3469197,12137,427
Minggu,2022-05-15 00:00:00,4788018,1308664,3467217,12137,428
Sabtu,2022-05-14 00:00:00,4785424,1308625,3464662,12137,429
Jumat,2022-05-13 00:00:00,4782174,1308589,3461448,12137,430
Kamis,2022-05-12 00:00:00,4779172,1308529,3458509,12134,431
Rabu,2022-05-11 00:00:00,4776330,1308477,3455720,12133,432
Selasa,2022-05-10 00:00:00,4772709,1308407,3452169,12133,433
Senin,2022-05-09 00:00:00,4768045,1308312,3447601,12132,434
Minggu,2022-05-08 00:00:00,4763635,1308273,3443230,12132,435
Sabtu,2022-05-07 00:00:00,4759858,1308228,3439498,12132,436
Jumat,2022-05-06 00:00:00,4757165,1308195,3436839,12131,437
Kamis,2022-05-05 00:00:00,4754623,1308160,3434332,12131,438
Rabu,2022-05-04 00:00:00,4752249,1308094,3432027,12128,439
Selasa,2022-05-03 00:00:00,4750869,1308063,3430678,12128,440
Senin,2022-05-02 00:00:00,4750090,1308043,3429919,12128,441
Minggu,2022-05-01 00:00:00,4749080,1308021,3428931,12128,442
Sabtu,2022-04-30 00:00:00,4747742,1307964,3427650,12128,443
Jumat,2022-04-29 00:00:00,4745661,1307914,3425620,12127,444
Kamis,2022-04-28 00:00:00,4742677,1307804,3422746,12127,445
Rabu,2022-04-27 00:00:00,4739905,1307727,3420052,12126,446
Selasa,2022-04-26 00:00:00,4736333,1307640,3416571,12122,447
Senin,2022-04-25 00:00:00,4733059,1307518,3413419,12122,448
Minggu,2022-04-24 00:00:00,4730429,1307438,3410871,12120,449
Sabtu,2022-04-23 00:00:00,4727553,1307359,3408074,12120,450
Jumat,2022-04-22 00:00:00,4724288,1307263,3404906,12119,451
Kamis,2022-04-21 00:00:00,4721268,1307123,3402027,12118,452
Rabu,2022-04-20 00:00:00,4717591,1306927,3398550,12114,453
Selasa,2022-04-19 00:00:00,4713782,1306756,3394912,12114,454
Senin,2022-04-18 00:00:00,4710213,1306545,3391557,12111,455
Minggu,2022-04-17 00:00:00,4707818,1306402,3389307,12109,456
Sabtu,2022-04-16 00:00:00,4703843,1306269,3385465,12109,457
Jumat,2022-04-15 00:00:00,4700915,1306153,3382653,12109,458
Kamis,2022-04-14 00:00:00,4697533,1305930,3379494,12109,459
Rabu,2022-04-13 00:00:00,4693220,1305638,3375473,12109,460
Selasa,2022-04-12 00:00:00,4689105,1305337,3371663,12105,461
Senin,2022-04-11 00:00:00,4685416,1304996,3368317,12103,462
Minggu,2022-04-10 00:00:00,4682635,1304692,3365840,12103,463
Sabtu,2022-04-09 00:00:00,4679725,1304452,3363174,12099,464
Jumat,2022-04-08 00:00:00,4677087,1304171,3360817,12099,465
Kamis,2022-04-07 00:00:00,4673739,1303812,3357829,12098,466
Rabu,2022-04-06 00:00:00,4669924,1303416,3354411,12097,467
Selasa,2022-04-05 00:00:00,4665785,1302906,3350788,12091,468
Senin,2022-04-04 00:00:00,4661489,1302358,3347045,12086,469
Minggu,2022-04-03 00:00:00,4658502,1302007,3344410,12085,470
Sabtu,2022-04-02 00:00:00,4654882,1301555,3341245,12082,471
Jumat,2022-04-01 00:00:00,4651149,1301007,3338070,12072,472
Kamis,2022-03-31 00:00:00,4645858,1300208,3333582,12068,473
Rabu,2022-03-30 00:00:00,4640789,1299404,3329327,12058,474
Selasa,2022-03-29 00:00:00,4635512,1298391,3325076,12045,475
Senin,2022-03-28 00:00:00,4629959,1297322,3320598,12039,476
Minggu,2022-03-27 00:00:00,4625978,1296675,3317270,12033,477
Sabtu,2022-03-26 00:00:00,4621113,1295745,3313337,12031,478
Jumat,2022-03-25 00:00:00,4615139,1294679,3308437,12023,479
Kamis,2022-03-24 00:00:00,4608813,1293299,3303503,12011,480
Rabu,2022-03-23 00:00:00,4602052,1291915,3298140,11997,481
Selasa,2022-03-22 00:00:00,4594906,1290356,3292566,11984,482
Senin,2022-03-21 00:00:00,4585864,1288284,3285605,11975,483
Minggu,2022-03-20 00:00:00,4581120,1287212,3281935,11973,484
Sabtu,2022-03-19 00:00:00,4574621,1285618,3277034,11969,485
Jumat,2022-03-18 00:00:00,4567368,1283534,3271879,11955,486
Kamis,2022-03-17 00:00:00,4558281,1280966,3265377,11938,487
Rabu,2022-03-16 00:00:00,4548556,1278161,3258470,11925,488
Selasa,2022-03-15 00:00:00,4538440,1275060,3251482,11898,489
Senin,2022-03-14 00:00:00,4527062,1271347,3243835,11880,490
Minggu,2022-03-13 00:00:00,4518934,1269352,3237715,11867,491
Sabtu,2022-03-12 00:00:00,4509878,1266308,3231732,11838,492
Jumat,2022-03-11 00:00:00,4498470,1262502,3224166,11802,493
Kamis,2022-03-10 00:00:00,4485788,1257591,3216433,11764,494
Rabu,2022-03-09 00:00:00,4470958,1252155,3207088,11715,495
Selasa,2022-03-08 00:00:00,4454627,1246223,3196729,11675,496
Senin,2022-03-07 00:00:00,4435519,1238626,3185247,11646,497
Minggu,2022-03-06 00:00:00,4423534,1234299,3177592,11643,498
Sabtu,2022-03-05 00:00:00,4406379,1228237,3166530,11612,499
Jumat,2022-03-04 00:00:00,4388728,1221607,3155533,11588,500
Kamis,2022-03-03 00:00:00,4373889,1216202,3146118,11569,501
Rabu,2022-03-02 00:00:00,4351406,1207923,3131946,11537,502
Selasa,2022-03-01 00:00:00,4328508,1199206,3117782,11520,503
Senin,2022-02-28 00:00:00,4312722,1193850,3107357,11515,504
Minggu,2022-02-27 00:00:00,4298713,1189528,3097673,11512,505
Sabtu,2022-02-26 00:00:00,4279026,1182839,3084706,11481,506
Jumat,2022-02-25 00:00:00,4255488,1173744,3070300,11444,507
Kamis,2022-02-24 00:00:00,4231706,1163949,3056342,11415,508
Rabu,2022-02-23 00:00:00,4205323,1152916,3041015,11392,509
Selasa,2022-02-22 00:00:00,4175788,1140886,3023532,11370,510
Senin,2022-02-21 00:00:00,4147209,1129465,3006393,11351,511
Minggu,2022-02-20 00:00:00,4126192,1121585,2993264,11343,512
Sabtu,2022-02-19 00:00:00,4097531,1110340,2975870,11321,513
Jumat,2022-02-18 00:00:00,4069397,1098287,2959804,11306,514
Kamis,2022-02-17 00:00:00,4038762,1085194,2942303,11265,515
Rabu,2022-02-16 00:00:00,4006206,1070375,2924598,11233,516
Selasa,2022-02-15 00:00:00,3972721,1055609,2905895,11217,517
Senin,2022-02-14 00:00:00,3944337,1042924,2890214,11199,518
Minggu,2022-02-13 00:00:00,3924472,1034401,2878889,11182,519
Sabtu,2022-02-12 00:00:00,3899888,1023974,2864761,11153,520
Jumat,2022-02-11 00:00:00,3866886,1010585,2845171,11130,521
Kamis,2022-02-10 00:00:00,3845041,1001035,2832899,11107,522
Rabu,2022-02-09 00:00:00,3822416,991582,2819747,11087,523
Selasa,2022-02-08 00:00:00,3792703,979604,2802033,11066,524
Senin,2022-02-07 00:00:00,3767720,970498,2786170,11052,525
Minggu,2022-02-06 00:00:00,3750527,964923,2774556,11048,526
Sabtu,2022-02-05 00:00:00,3729941,958102,2760812,11027,527
Jumat,2022-02-04 00:00:00,3706124,950584,2744527,11013,528
Kamis,2022-02-03 00:00:00,3684296,944111,2729182,11003,529
Rabu,2022-02-02 00:00:00,3663401,937234,2715177,10990,530
Selasa,2022-02-01 00:00:00,3649794,934025,2704782,10987,531
Senin,2022-01-31 00:00:00,3634250,930263,2693015,10972,532
Minggu,2022-01-30 00:00:00,3627071,928450,2687650,10971,533
Sabtu,2022-01-29 00:00:00,3615227,926028,2678231,10968,534
Jumat,2022-01-28 00:00:00,3600674,923600,2666119,10955,535
Kamis,2022-01-27 00:00:00,3588026,921357,2655728,10941,536
Rabu,2022-01-26 00:00:00,3576483,919803,2645743,10937,537
Selasa,2022-01-25 00:00:00,3566606,918480,2637195,10931,538
Senin,2022-01-24 00:00:00,3558256,917423,2629912,10921,539
Minggu,2022-01-23 00:00:00,3553422,917094,2625407,10921,540
Sabtu,2022-01-22 00:00:00,3547077,916531,2619625,10921,541
Jumat,2022-01-21 00:00:00,3539841,916023,2612899,10919,542
Kamis,2022-01-20 00:00:00,3533640,915626,2607097,10917,543
Rabu,2022-01-19 00:00:00,3527609,915253,2601439,10917,544
Selasa,2022-01-18 00:00:00,3521112,914945,2595253,10914,545
Senin,2022-01-17 00:00:00,3514648,914685,2589055,10908,546
Minggu,2022-01-16 00:00:00,3510083,914569,2584607,10907,547
Sabtu,2022-01-15 00:00:00,3505285,914428,2579953,10904,548
Jumat,2022-01-14 00:00:00,3500619,914290,2575426,10903,549
Kamis,2022-01-13 00:00:00,3494812,914076,2569836,10900,550
Rabu,2022-01-12 00:00:00,3488804,913962,2563942,10900,551
Selasa,2022-01-11 00:00:00,3484416,913884,2559633,10899,552
Senin,2022-01-10 00:00:00,3479559,913801,2554859,10899,553
Minggu,2022-01-09 00:00:00,3475465,913746,2550821,10898,554
Sabtu,2022-01-08 00:00:00,3470505,913629,2545980,10896,555
Jumat,2022-01-07 00:00:00,3465147,913550,2540702,10895,556
Kamis,2022-01-06 00:00:00,3459459,913469,2535098,10892,557
Rabu,2022-01-05 00:00:00,3454773,913412,2530470,10891,558
Selasa,2022-01-04 00:00:00,3448279,913382,2524007,10890,559
Senin,2022-01-03 00:00:00,3441550,913344,2517316,10890,560
Minggu,2022-01-02 00:00:00,3437726,913285,2513552,10889,561
Sabtu,2022-01-01 00:00:00,3434672,913269,2510514,10889,562
Jumat,2021-12-31 00:00:00,3430948,913243,2506816,10889,563
Kamis,2021-12-30 00:00:00,3426614,913221,2502506,10887,564
Rabu,2021-12-29 00:00:00,3421608,913200,2497522,10886,565
Selasa,2021-12-28 00:00:00,3415612,913143,2491584,10885,566
Senin,2021-12-27 00:00:00,3408675,913115,2484676,10884,567
Minggu,2021-12-26 00:00:00,3404824,913083,2480857,10884,568
Sabtu,2021-12-25 00:00:00,3401029,913062,2477083,10884,569
Jumat,2021-12-24 00:00:00,3395153,913031,2471238,10884,570
Kamis,2021-12-23 00:00:00,3388242,913006,2464353,10883,571
Rabu,2021-12-22 00:00:00,3380382,912982,2456519,10881,572
Selasa,2021-12-21 00:00:00,3373261,912940,2449440,10881,573
Senin,2021-12-20 00:00:00,3365574,912907,2441787,10880,574
Minggu,2021-12-19 00:00:00,3361017,912877,2437260,10880,575
Sabtu,2021-12-18 00:00:00,3354642,912851,2430912,10879,576
Jumat,2021-12-17 00:00:00,3347970,912798,2424295,10877,577
Kamis,2021-12-16 00:00:00,3340771,912746,2417149,10876,578
Rabu,2021-12-15 00:00:00,3333772,912713,2410184,10875,579
Selasa,2021-12-14 00:00:00,3327246,912648,2403724,10874,580
Senin,2021-12-13 00:00:00,3320638,912604,2397162,10872,581
Minggu,2021-12-12 00:00:00,3316738,912582,2393284,10872,582
Sabtu,2021-12-11 00:00:00,3311629,912555,2388203,10871,583
Jumat,2021-12-10 00:00:00,3306346,912500,2382976,10870,584
Kamis,2021-12-09 00:00:00,3300239,912454,2376915,10870,585
Rabu,2021-12-08 00:00:00,3294625,912401,2371356,10868,586
Selasa,2021-12-07 00:00:00,3289338,912326,2366144,10868,587
Senin,2021-12-06 00:00:00,3283236,912271,2360097,10868,588
Minggu,2021-12-05 00:00:00,3278924,912243,2355813,10868,589
Sabtu,2021-12-04 00:00:00,3274137,912213,2351056,10868,590
Jumat,2021-12-03 00:00:00,3268108,912149,2345091,10868,591
Kamis,2021-12-02 00:00:00,3262592,912105,2339621,10866,592
Rabu,2021-12-01 00:00:00,3256087,912005,2333217,10865,593
Selasa,2021-11-30 00:00:00,3249958,911946,2327148,10864,594
Senin,2021-11-29 00:00:00,3243750,911888,2321000,10862,595
Minggu,2021-11-28 00:00:00,3239251,911851,2316538,10862,596
Sabtu,2021-11-27 00:00:00,3234870,911817,2312191,10862,597
Jumat,2021-11-26 00:00:00,3228463,911765,2305836,10862,598
Kamis,2021-11-25 00:00:00,3220251,911669,2297720,10862,599
Rabu,2021-11-24 00:00:00,3214268,911621,2291786,10861,600
Selasa,2021-11-23 00:00:00,3208270,911534,2285875,10861,601
Senin,2021-11-22 00:00:00,3201472,911451,2279162,10859,602
Minggu,2021-11-21 00:00:00,3197021,911419,2274744,10858,603
Sabtu,2021-11-20 00:00:00,3191959,911391,2269711,10857,604
Jumat,2021-11-19 00:00:00,3185959,911333,2263772,10854,605
Kamis,2021-11-18 00:00:00,3179491,911264,2257374,10853,606
Rabu,2021-11-17 00:00:00,3172726,911201,2250679,10846,607
Selasa,2021-11-16 00:00:00,3164745,911011,2242889,10845,608
Senin,2021-11-15 00:00:00,3157182,910928,2235409,10845,609
Minggu,2021-11-14 00:00:00,3152916,910890,2231182,10844,610
Sabtu,2021-11-13 00:00:00,3147729,910851,2226035,10843,611
Jumat,2021-11-12 00:00:00,3141872,910792,2220237,10843,612
Kamis,2021-11-11 00:00:00,3136778,910736,2215200,10842,613
Rabu,2021-11-10 00:00:00,3130458,910693,2208924,10841,614
Selasa,2021-11-09 00:00:00,3122719,910614,2201264,10841,615
Senin,2021-11-08 00:00:00,3115390,910535,2194017,10838,616
Minggu,2021-11-07 00:00:00,3110589,910515,2189236,10838,617
Sabtu,2021-11-06 00:00:00,3104572,910413,2183321,10838,618
Jumat,2021-11-05 00:00:00,3098087,910353,2176897,10837,619
Kamis,2021-11-04 00:00:00,3090766,910229,2169703,10834,620
Rabu,2021-11-03 00:00:00,3082850,910071,2161950,10829,621
Selasa,2021-11-02 00:00:00,3071787,909885,2151076,10826,622
Senin,2021-11-01 00:00:00,3062027,909816,2141390,10821,623
Minggu,2021-10-31 00:00:00,3053730,909770,2133140,10820,624
Sabtu,2021-10-30 00:00:00,3042729,909653,2122264,10812,625
Jumat,2021-10-29 00:00:00,3032691,909491,2112390,10810,626
Kamis,2021-10-28 00:00:00,3023192,909289,2103096,10807,627
Rabu,2021-10-27 00:00:00,3011828,909151,2091871,10806,628
Selasa,2021-10-26 00:00:00,3000612,909031,2080777,10804,629
Senin,2021-10-25 00:00:00,2989604,908892,2069909,10803,630
Minggu,2021-10-24 00:00:00,2981833,908815,2062218,10800,631
Sabtu,2021-10-23 00:00:00,2970087,908700,2050587,10800,632
Jumat,2021-10-22 00:00:00,2960425,908628,2040998,10799,633
Kamis,2021-10-21 00:00:00,2950892,908520,2031574,10798,634
Rabu,2021-10-20 00:00:00,2943367,908464,2024108,10795,635
Selasa,2021-10-19 00:00:00,2932060,908312,2012955,10793,636
Senin,2021-10-18 00:00:00,2925019,908220,2006008,10791,637
Minggu,2021-10-17 00:00:00,2919015,908174,2000050,10791,638
Sabtu,2021-10-16 00:00:00,2911349,908107,1992453,10789,639
Jumat,2021-10-15 00:00:00,2903393,908015,1984590,10788,640
Kamis,2021-10-14 00:00:00,2895209,907915,1976506,10788,641
Rabu,2021-10-13 00:00:00,2887235,907811,1968637,10787,642
Selasa,2021-10-12 00:00:00,2879985,907710,1961490,10785,643
Senin,2021-10-11 00:00:00,2871942,907611,1953546,10785,644
Minggu,2021-10-10 00:00:00,2866915,907555,1948576,10784,645
Sabtu,2021-10-09 00:00:00,2859277,907492,1941002,10783,646
Jumat,2021-10-08 00:00:00,2851870,907362,1933729,10779,647
Kamis,2021-10-07 00:00:00,2844897,907253,1926868,10776,648
Rabu,2021-10-06 00:00:00,2837868,907114,1919979,10775,649
Selasa,2021-10-05 00:00:00,2829792,906993,1912024,10775,650
Senin,2021-10-04 00:00:00,2822196,906843,1904581,10772,651
Minggu,2021-10-03 00:00:00,2815998,906759,1898467,10772,652
Sabtu,2021-10-02 00:00:00,2808998,906645,1891583,10770,653
Jumat,2021-10-01 00:00:00,2802331,906455,1885108,10768,654
Kamis,2021-09-30 00:00:00,2795803,906296,1878742,10765,655
Rabu,2021-09-29 00:00:00,2788135,906117,1871257,10761,656
Selasa,2021-09-28 00:00:00,2780177,905896,1863523,10758,657
Senin,2021-09-27 00:00:00,2772579,905715,1856107,10757,658
Minggu,2021-09-26 00:00:00,2767480,905579,1851144,10757,659
Sabtu,2021-09-25 00:00:00,2760285,905446,1844084,10755,660
Jumat,2021-09-24 00:00:00,2752709,905244,1836717,10748,661
Kamis,2021-09-23 00:00:00,2745562,905007,1829811,10744,662
Rabu,2021-09-22 00:00:00,2738664,904762,1823160,10742,663
Selasa,2021-09-21 00:00:00,2730666,904547,1815384,10735,664
Senin,2021-09-20 00:00:00,2722498,904250,1807516,10732,665
Minggu,2021-09-19 00:00:00,2716392,904105,1801560,10727,666
Sabtu,2021-09-18 00:00:00,2709283,903904,1794653,10726,667
Jumat,2021-09-17 00:00:00,2701283,903616,1786947,10720,668
Kamis,2021-09-16 00:00:00,2693664,903282,1779672,10710,669
Rabu,2021-09-15 00:00:00,2685602,902888,1772007,10707,670
Selasa,2021-09-14 00:00:00,2677146,902483,1763960,10703,671
Senin,2021-09-13 00:00:00,2669405,902065,1756641,10699,672
Minggu,2021-09-12 00:00:00,2663760,901859,1751203,10698,673
Sabtu,2021-09-11 00:00:00,2655726,901459,1743573,10694,674
Jumat,2021-09-10 00:00:00,2647340,900816,1735837,10687,675
Kamis,2021-09-09 00:00:00,2639279,900156,1728440,10683,676
Rabu,2021-09-08 00:00:00,2631490,899536,1721280,10674,677
Selasa,2021-09-07 00:00:00,2623803,898818,1714319,10666,678
Senin,2021-09-06 00:00:00,2614983,897881,1706438,10664,679
Minggu,2021-09-05 00:00:00,2608871,897512,1700698,10661,680
Sabtu,2021-09-04 00:00:00,2601857,897025,1694176,10656,681
Jumat,2021-09-03 00:00:00,2593693,896258,1686788,10647,682
Kamis,2021-09-02 00:00:00,2585662,895490,1679533,10639,683
Rabu,2021-09-01 00:00:00,2577405,894425,1672345,10635,684
Selasa,2021-08-31 00:00:00,2568190,893000,1664568,10622,685
Senin,2021-08-30 00:00:00,2556938,891427,1654906,10605,686
Minggu,2021-08-29 00:00:00,2551528,890763,1650162,10603,687
Sabtu,2021-08-28 00:00:00,2544517,890070,1643849,10598,688
Jumat,2021-08-27 00:00:00,2535618,888894,1636134,10590,689
Kamis,2021-08-26 00:00:00,2525915,887450,1627893,10572,690
Rabu,2021-08-25 00:00:00,2516642,885700,1620379,10563,691
Selasa,2021-08-24 00:00:00,2506714,883723,1612475,10516,692
Senin,2021-08-23 00:00:00,2495982,881543,1604007,10432,693
Minggu,2021-08-22 00:00:00,2489428,880404,1598639,10385,694
Sabtu,2021-08-21 00:00:00,2480665,878989,1591324,10352,695
Jumat,2021-08-20 00:00:00,2470947,876952,1583650,10345,696
Kamis,2021-08-19 00:00:00,2460542,874074,1576132,10336,697
Rabu,2021-08-18 00:00:00,2449080,871141,1567634,10305,698
Selasa,2021-08-17 00:00:00,2443456,869964,1563193,10299,699
Senin,2021-08-16 00:00:00,2434113,867621,1556206,10286,700
Minggu,2021-08-15 00:00:00,2428602,866493,1551831,10278,701
Sabtu,2021-08-14 00:00:00,2422126,865197,1546674,10255,702
Jumat,2021-08-13 00:00:00,2411206,862613,1538359,10234,703
Kamis,2021-08-12 00:00:00,2399828,859341,1530287,10200,704
Rabu,2021-08-11 00:00:00,2393775,857698,1525890,10187,705
Selasa,2021-08-10 00:00:00,2383526,854626,1518745,10155,706
Senin,2021-08-09 00:00:00,2370869,850853,1509905,10111,707
Minggu,2021-08-08 00:00:00,2363872,848795,1504993,10084,708
Sabtu,2021-08-07 00:00:00,2354755,846412,1498279,10064,709
Jumat,2021-08-06 00:00:00,2339848,841966,1487850,10032,710
Kamis,2021-08-05 00:00:00,2325892,837774,1478117,10001,711
Rabu,2021-08-04 00:00:00,2309075,832078,1467063,9934,712
Selasa,2021-08-03 00:00:00,2292662,826243,1456541,9878,713
Senin,2021-08-02 00:00:00,2275451,819575,1446123,9753,714
Minggu,2021-08-01 00:00:00,2267559,816659,1441165,9735,715
Sabtu,2021-07-31 00:00:00,2256776,812765,1434307,9704,716
Jumat,2021-07-30 00:00:00,2240530,806473,1424434,9623,717
Kamis,2021-07-29 00:00:00,2221425,798406,1413487,9532,718
Rabu,2021-07-28 00:00:00,2202001,790174,1402384,9443,719
Selasa,2021-07-27 00:00:00,2182187,781298,1391528,9361,720
Senin,2021-07-26 00:00:00,2161999,772271,1380451,9277,721
Minggu,2021-07-25 00:00:00,2151805,767844,1374713,9248,722
Sabtu,2021-07-24 00:00:00,2138687,762323,1367154,9210,723
Jumat,2021-07-23 00:00:00,2118855,753619,1356090,9146,724
Kamis,2021-07-22 00:00:00,2095786,742833,1343910,9043,725
Rabu,2021-07-21 00:00:00,2070885,731219,1330700,8966,726
Selasa,2021-07-20 00:00:00,2058426,725866,1323634,8926,727
Senin,2021-07-19 00:00:00,2039625,717060,1313729,8836,728
Minggu,2021-07-18 00:00:00,2027109,711699,1306645,8765,729
Sabtu,2021-07-17 00:00:00,2010598,704145,1297738,8715,730
Jumat,2021-07-16 00:00:00,1985296,692427,1284245,8624,731
Kamis,2021-07-15 00:00:00,1959351,680391,1270429,8531,732
Rabu,2021-07-14 00:00:00,1931095,667173,1255460,8462,733
Selasa,2021-07-13 00:00:00,1906530,654662,1243523,8345,734
Senin,2021-07-12 00:00:00,1881925,641941,1231699,8285,735
Minggu,2021-07-11 00:00:00,1867273,633948,1225087,8238,736
Sabtu,2021-07-10 00:00:00,1854404,626786,1219436,8182,737
Jumat,2021-07-09 00:00:00,1833856,615094,1210650,8112,738
Kamis,2021-07-08 00:00:00,1809814,601926,1199855,8033,739
Rabu,2021-07-07 00:00:00,1787529,589005,1190586,7938,740
Selasa,2021-07-06 00:00:00,1767844,578459,1181525,7860,741
Senin,2021-07-05 00:00:00,1748998,568114,1173086,7798,742
Minggu,2021-07-04 00:00:00,1738682,561853,1169068,7761,743
Sabtu,2021-07-03 00:00:00,1728785,556458,1164591,7736,744
Jumat,2021-07-02 00:00:00,1714984,548959,1158331,7694,745
Kamis,2021-07-01 00:00:00,1698352,539703,1151014,7635,746
Rabu,2021-06-30 00:00:00,1684302,532127,1144578,7597,747
Selasa,2021-06-29 00:00:00,1668102,523330,1137254,7518,748
Senin,2021-06-28 00:00:00,1654569,515550,1131545,7474,749
Minggu,2021-06-27 00:00:00,1646342,510815,1128062,7465,750
Sabtu,2021-06-26 00:00:00,1637388,505747,1124308,7333,751
Jumat,2021-06-25 00:00:00,1627859,500839,1119719,7301,752
Kamis,2021-06-24 00:00:00,1616071,494662,1114153,7256,753
Rabu,2021-06-23 00:00:00,1604580,488687,1108658,7235,754
Selasa,2021-06-22 00:00:00,1591562,482072,1102276,7214,755
Senin,2021-06-21 00:00:00,1579774,476106,1096492,7176,756
Minggu,2021-06-20 00:00:00,1574167,473029,1093968,7170,757
Sabtu,2021-06-19 00:00:00,1567941,469613,1091164,7164,758
Jumat,2021-06-18 00:00:00,1559677,465417,1087119,7141,759
Kamis,2021-06-17 00:00:00,1549312,460037,1082151,7124,760
Rabu,2021-06-16 00:00:00,1538664,454714,1076877,7073,761
Selasa,2021-06-15 00:00:00,1528452,449921,1071483,7048,762
Senin,2021-06-14 00:00:00,1517680,445173,1065472,7035,763
Minggu,2021-06-13 00:00:00,1511994,442710,1062258,7026,764
Sabtu,2021-06-12 00:00:00,1507831,440794,1060021,7016,765
Jumat,2021-06-11 00:00:00,1501400,437966,1056421,7013,766
Kamis,2021-06-10 00:00:00,1492900,434494,1051413,6993,767
Rabu,2021-06-09 00:00:00,1485481,431554,1046956,6971,768
Selasa,2021-06-08 00:00:00,1478023,428856,1042209,6958,769
Senin,2021-06-07 00:00:00,1470575,426169,1037461,6945,770
Minggu,2021-06-06 00:00:00,1466177,424468,1034770,6939,771
Sabtu,2021-06-05 00:00:00,1463137,423400,1032801,6936,772
Jumat,2021-06-04 00:00:00,1457932,421577,1029436,6919,773
Kamis,2021-06-03 00:00:00,1450179,418337,1024939,6903,774
Rabu,2021-06-02 00:00:00,1442148,415053,1020220,6875,775
Selasa,2021-06-01 00:00:00,1438374,413600,1017941,6833,776
Senin,2021-05-31 00:00:00,1433960,411993,1015141,6826,777
Minggu,2021-05-30 00:00:00,1430264,410830,1012619,6815,778
Sabtu,2021-05-29 00:00:00,1426991,409650,1010526,6815,779
Jumat,2021-05-28 00:00:00,1421835,407943,1007087,6805,780
Kamis,2021-05-27 00:00:00,1414666,404987,1002883,6796,781
Rabu,2021-05-26 00:00:00,1410224,403359,1000082,6783,782
Selasa,2021-05-25 00:00:00,1405236,401529,996930,6777,783
Senin,2021-05-24 00:00:00,1398466,399226,992481,6759,784
Minggu,2021-05-23 00:00:00,1393687,397551,989388,6748,785
Sabtu,2021-05-22 00:00:00,1390632,396561,987343,6728,786
Jumat,2021-05-21 00:00:00,1386110,395080,984307,6723,787
Kamis,2021-05-20 00:00:00,1379703,392827,980166,6710,788
Rabu,2021-05-19 00:00:00,1373219,390663,975879,6677,789
Selasa,2021-05-18 00:00:00,1367581,388776,972153,6652,790
Senin,2021-05-17 00:00:00,1361175,387039,967498,6638,791
Minggu,2021-05-16 00:00:00,1358370,386065,965677,6628,792
Sabtu,2021-05-15 00:00:00,1356044,385452,963965,6627,793
Jumat,2021-05-14 00:00:00,1354548,385145,962779,6624,794
Kamis,2021-05-13 00:00:00,1353672,384929,962119,6624,795
Rabu,2021-05-12 00:00:00,1351915,384435,960856,6624,796
Selasa,2021-05-11 00:00:00,1347628,383002,958013,6613,797
Senin,2021-05-10 00:00:00,1342433,381241,954588,6604,798
Minggu,2021-05-09 00:00:00,1339053,380083,952366,6604,799
Sabtu,2021-05-08 00:00:00,1336732,379307,950822,6603,800
Jumat,2021-05-07 00:00:00,1332271,377800,947890,6581,801
Kamis,2021-05-06 00:00:00,1327123,376281,944278,6564,802
Rabu,2021-05-05 00:00:00,1321135,374556,940044,6535,803
Selasa,2021-05-04 00:00:00,1315571,372913,936146,6512,804
Senin,2021-05-03 00:00:00,1310461,371285,932701,6475,805
Minggu,2021-05-02 00:00:00,1307068,370153,930445,6470,806
Sabtu,2021-05-01 00:00:00,1304905,369358,929077,6470,807
Jumat,2021-04-30 00:00:00,1301077,368176,926437,6464,808
Kamis,2021-04-29 00:00:00,1295305,366332,922522,6451,809
Rabu,2021-04-28 00:00:00,1289154,364365,918348,6441,810
Selasa,2021-04-27 00:00:00,1283008,362217,914369,6422,811
Senin,2021-04-26 00:00:00,1276456,359847,910200,6409,812
Minggu,2021-04-25 00:00:00,1271849,358076,907379,6394,813
Sabtu,2021-04-24 00:00:00,1268953,357066,905500,6387,814
Jumat,2021-04-23 00:00:00,1263808,355357,902076,6375,815
Kamis,2021-04-22 00:00:00,1258150,353485,898305,6360,816
Rabu,2021-04-21 00:00:00,1250933,350845,893742,6346,817
Selasa,2021-04-20 00:00:00,1244050,348456,889266,6328,818
Senin,2021-04-19 00:00:00,1237253,345950,884996,6307,819
Minggu,2021-04-18 00:00:00,1233461,344388,882779,6294,820
Sabtu,2021-04-17 00:00:00,1230618,343374,880959,6285,821
Jumat,2021-04-16 00:00:00,1225381,341608,877495,6278,822
Kamis,2021-04-15 00:00:00,1219359,339529,873563,6267,823
Rabu,2021-04-14 00:00:00,1210892,336706,867947,6239,824
Selasa,2021-04-13 00:00:00,1203835,334517,863121,6197,825
Senin,2021-04-12 00:00:00,1197112,332345,858600,6167,826
Minggu,2021-04-11 00:00:00,1192564,330940,855479,6145,827
Sabtu,2021-04-10 00:00:00,1189354,330013,853204,6137,828
Jumat,2021-04-09 00:00:00,1184203,328387,849706,6110,829
Kamis,2021-04-08 00:00:00,1178145,326943,845099,6103,830
Rabu,2021-04-07 00:00:00,1172392,325370,840931,6091,831
Selasa,2021-04-06 00:00:00,1164022,322816,835140,6066,832
Senin,2021-04-05 00:00:00,1156206,320572,829586,6048,833
Minggu,2021-04-04 00:00:00,1152092,319477,826573,6042,834
Sabtu,2021-04-03 00:00:00,1149802,318750,825015,6037,835
Jumat,2021-04-02 00:00:00,1146748,317865,822856,6027,836
Kamis,2021-04-01 00:00:00,1142411,316591,819815,6005,837
Rabu,2021-03-31 00:00:00,1135054,314394,814679,5981,838
Selasa,2021-03-30 00:00:00,1126810,312087,808766,5957,839
Senin,2021-03-29 00:00:00,1118470,309618,802937,5915,840
Minggu,2021-03-28 00:00:00,1114287,308287,800105,5895,841
Sabtu,2021-03-27 00:00:00,1111133,307139,798114,5880,842
Jumat,2021-03-26 00:00:00,1105528,305477,794196,5855,843
Kamis,2021-03-25 00:00:00,1097555,303348,788374,5833,844
Rabu,2021-03-24 00:00:00,1089993,301149,783038,5806,845
Selasa,2021-03-23 00:00:00,1081626,298353,777511,5762,846
Senin,2021-03-22 00:00:00,1072829,295416,771717,5696,847
Minggu,2021-03-21 00:00:00,1067918,293766,768501,5651,848
Sabtu,2021-03-20 00:00:00,1064814,292743,766439,5632,849
Jumat,2021-03-19 00:00:00,1056665,290278,760819,5568,850
Kamis,2021-03-18 00:00:00,1047187,287368,754364,5455,851
Rabu,2021-03-17 00:00:00,1037997,284325,748290,5382,852
Selasa,2021-03-16 00:00:00,1027157,280732,741116,5309,853
Senin,2021-03-15 00:00:00,1018187,277890,735035,5262,854
Minggu,2021-03-14 00:00:00,1013285,276199,731851,5235,855
Sabtu,2021-03-13 00:00:00,1009370,274925,729220,5225,856
Jumat,2021-03-12 00:00:00,1002933,272638,725098,5197,857
Kamis,2021-03-11 00:00:00,997600,270717,721705,5178,858
Rabu,2021-03-10 00:00:00,991341,268526,717665,5150,859
Selasa,2021-03-09 00:00:00,983253,265656,712490,5107,860
Senin,2021-03-08 00:00:00,975203,262964,707151,5088,861
Minggu,2021-03-07 00:00:00,970147,260985,704091,5071,862
Sabtu,2021-03-06 00:00:00,966564,259637,701860,5067,863
Jumat,2021-03-05 00:00:00,959943,257430,697483,5030,864
Kamis,2021-03-04 00:00:00,951705,254326,692400,4979,865
Rabu,2021-03-03 00:00:00,942310,251235,686134,4941,866
Selasa,2021-03-02 00:00:00,933162,248139,680138,4885,867
Senin,2021-03-01 00:00:00,924967,245173,674948,4846,868
Minggu,2021-02-28 00:00:00,920179,243349,672002,4828,869
Sabtu,2021-02-27 00:00:00,916538,242109,669608,4821,870
Jumat,2021-02-26 00:00:00,909797,239826,665168,4803,871
Kamis,2021-02-25 00:00:00,900756,236273,659718,4765,872
Rabu,2021-02-24 00:00:00,891577,233195,653666,4716,873
Selasa,2021-02-23 00:00:00,881831,229358,647798,4675,874
Senin,2021-02-22 00:00:00,872827,225874,642319,4634,875
Minggu,2021-02-21 00:00:00,866673,223730,638337,4606,876
Sabtu,2021-02-20 00:00:00,862318,221781,635937,4600,877
Jumat,2021-02-19 00:00:00,853134,218497,630083,4554,878
Kamis,2021-02-18 00:00:00,841195,214730,621992,4473,879
Rabu,2021-02-17 00:00:00,839025,213984,620574,4467,880
Selasa,2021-02-16 00:00:00,837001,213347,619193,4461,881
Senin,2021-02-15 00:00:00,833594,212135,617006,4453,882
Minggu,2021-02-14 00:00:00,830935,211044,615456,4435,883
Sabtu,2021-02-13 00:00:00,827465,209789,613248,4428,884
Jumat,2021-02-12 00:00:00,823705,208602,610683,4420,885
Kamis,2021-02-11 00:00:00,816409,205980,606045,4384,886
Rabu,2021-02-10 00:00:00,805259,202297,598659,4303,887
Selasa,2021-02-09 00:00:00,794298,198377,591710,4211,888
Senin,2021-02-08 00:00:00,785335,195162,586047,4126,889
Minggu,2021-02-07 00:00:00,780506,193512,582914,4080,890
Sabtu,2021-02-06 00:00:00,775946,191916,579991,4039,891
Jumat,2021-02-05 00:00:00,767389,188954,574455,3980,892
Kamis,2021-02-04 00:00:00,757305,185433,567959,3913,893
Rabu,2021-02-03 00:00:00,748746,182529,562337,3880,894
Selasa,2021-02-02 00:00:00,739665,179313,556534,3818,895
Senin,2021-02-01 00:00:00,729662,175823,550070,3769,896
Minggu,2021-01-31 00:00:00,723931,173687,546511,3733,897
Sabtu,2021-01-30 00:00:00,719993,172353,543944,3696,898
Jumat,2021-01-29 00:00:00,712572,169664,539260,3648,899
Kamis,2021-01-28 00:00:00,703076,166128,533367,3581,900
Rabu,2021-01-27 00:00:00,693070,162493,527086,3491,901
Selasa,2021-01-26 00:00:00,683042,158819,520812,3411,902
Senin,2021-01-25 00:00:00,674820,155721,515721,3378,903
Minggu,2021-01-24 00:00:00,669301,153444,512501,3356,904
Sabtu,2021-01-23 00:00:00,665141,151897,509896,3348,905
Jumat,2021-01-22 00:00:00,658942,149460,506165,3317,906
Kamis,2021-01-21 00:00:00,649212,145631,500322,3259,907
Rabu,2021-01-20 00:00:00,638251,141672,493363,3216,908
Selasa,2021-01-19 00:00:00,629462,138580,487686,3196,909
Senin,2021-01-18 00:00:00,618933,135133,480640,3160,910
Minggu,2021-01-17 00:00:00,613725,133170,477410,3145,911
Sabtu,2021-01-16 00:00:00,609545,131763,474646,3136,912
Jumat,2021-01-15 00:00:00,602501,129222,470146,3133,913
Kamis,2021-01-14 00:00:00,593379,126500,463778,3101,914
Rabu,2021-01-13 00:00:00,585243,123697,458454,3092,915
Selasa,2021-01-12 00:00:00,576593,120429,453091,3073,916
Senin,2021-01-11 00:00:00,568046,117505,447494,3047,917
Minggu,2021-01-10 00:00:00,564724,116302,445382,3040,918
Sabtu,2021-01-09 00:00:00,561296,115117,443150,3029,919
Jumat,2021-01-08 00:00:00,555770,113201,439567,3002,920
Kamis,2021-01-07 00:00:00,548405,110854,434565,2986,921
Rabu,2021-01-06 00:00:00,541557,108507,430076,2974,922
Selasa,2021-01-05 00:00:00,533394,105781,424655,2958,923
Senin,2021-01-04 00:00:00,527250,103782,420521,2947,924
Minggu,2021-01-03 00:00:00,523064,102381,417755,2928,925
Sabtu,2021-01-02 00:00:00,519667,101187,415560,2920,926
Jumat,2021-01-01 00:00:00,517373,100513,413945,2915,927
Kamis,2020-12-31 00:00:00,513806,99620,411282,2904,928
Rabu,2020-12-30 00:00:00,507575,97688,406997,2890,929
Selasa,2020-12-29 00:00:00,499317,95499,400952,2866,930
Senin,2020-12-28 00:00:00,492583,93657,396077,2849,931
Minggu,2020-12-27 00:00:00,489776,92927,394023,2826,932
Sabtu,2020-12-26 00:00:00,486174,92040,391325,2809,933
Jumat,2020-12-25 00:00:00,482853,91126,388935,2792,934
Kamis,2020-12-24 00:00:00,478066,89773,385520,2773,935
Rabu,2020-12-23 00:00:00,471121,87794,380576,2751,936
Selasa,2020-12-22 00:00:00,464252,86086,375436,2730,937
Senin,2020-12-21 00:00:00,460031,84797,372541,2693,938
Minggu,2020-12-20 00:00:00,457209,83928,370598,2683,939
Sabtu,2020-12-19 00:00:00,454561,83011,368872,2678,940
Jumat,2020-12-18 00:00:00,448839,81259,364915,2665,941
Kamis,2020-12-17 00:00:00,442361,79409,360317,2635,942
Rabu,2020-12-16 00:00:00,435837,77538,355682,2617,943
Selasa,2020-12-15 00:00:00,430076,75846,351649,2581,944
Senin,2020-12-14 00:00:00,423477,74016,346920,2541,945
Minggu,2020-12-13 00:00:00,419571,72906,344134,2531,946
Sabtu,2020-12-12 00:00:00,416723,72075,342125,2523,947
Jumat,2020-12-11 00:00:00,410357,70434,337444,2479,948
Kamis,2020-12-10 00:00:00,403734,68622,332661,2451,949
Rabu,2020-12-09 00:00:00,398792,67383,328970,2439,950
Selasa,2020-12-08 00:00:00,393480,66080,324975,2425,951
Senin,2020-12-07 00:00:00,388422,64689,321317,2416,952
Minggu,2020-12-06 00:00:00,386701,64128,320160,2413,953
Sabtu,2020-12-05 00:00:00,384470,63631,318429,2410,954
Jumat,2020-12-04 00:00:00,379165,62303,314458,2404,955
Kamis,2020-12-03 00:00:00,372236,60718,309157,2361,956
Rabu,2020-12-02 00:00:00,364846,59071,303471,2304,957
Selasa,2020-12-01 00:00:00,358528,57447,298802,2279,958
Senin,2020-11-30 00:00:00,352698,56071,294394,2233,959
Minggu,2020-11-29 00:00:00,349066,55109,291757,2200,960
Sabtu,2020-11-28 00:00:00,345873,54441,289242,2190,961
Jumat,2020-11-27 00:00:00,341585,53490,285927,2168,962
Kamis,2020-11-26 00:00:00,335580,52392,281048,2140,963
Rabu,2020-11-25 00:00:00,330549,51194,277254,2101,964
Selasa,2020-11-24 00:00:00,325428,49770,273581,2077,965
Senin,2020-11-23 00:00:00,320499,48568,269886,2045,966
Minggu,2020-11-22 00:00:00,316681,47528,267123,2030,967
Sabtu,2020-11-21 00:00:00,313947,46734,265189,2024,968
Jumat,2020-11-20 00:00:00,310002,45669,262320,2013,969
Kamis,2020-11-19 00:00:00,305502,44587,258910,2005,970
Rabu,2020-11-18 00:00:00,301639,43638,256009,1992,971
Selasa,2020-11-17 00:00:00,296859,42197,252692,1970,972
Senin,2020-11-16 00:00:00,292132,41083,249132,1917,973
Minggu,2020-11-15 00:00:00,289434,40246,247290,1898,974
Sabtu,2020-11-14 00:00:00,286923,39720,245310,1893,975
Jumat,2020-11-13 00:00:00,283338,38943,242509,1886,976
Kamis,2020-11-12 00:00:00,279345,38048,239433,1864,977
Rabu,2020-11-11 00:00:00,275176,37193,236153,1830,978
Selasa,2020-11-10 00:00:00,271035,36305,232923,1807,979
Senin,2020-11-09 00:00:00,266696,35391,229523,1782,980
Minggu,2020-11-08 00:00:00,264936,35043,228118,1775,981
Sabtu,2020-11-07 00:00:00,262520,34518,226241,1761,982
Jumat,2020-11-06 00:00:00,258400,33694,222955,1751,983
Kamis,2020-11-05 00:00:00,254263,32974,219564,1725,984
Rabu,2020-11-04 00:00:00,250085,32207,216187,1691,985
Selasa,2020-11-03 00:00:00,246674,31556,213449,1669,986
Senin,2020-11-02 00:00:00,243227,30900,210677,1650,987
Minggu,2020-11-01 00:00:00,241215,30562,209023,1630,988
Sabtu,2020-10-31 00:00:00,240394,30389,208375,1630,989
Jumat,2020-10-30 00:00:00,238058,30068,206384,1606,990
Kamis,2020-10-29 00:00:00,236548,29837,205111,1600,991
Rabu,2020-10-28 00:00:00,234159,29390,203183,1586,992
Selasa,2020-10-27 00:00:00,231328,28954,200797,1577,993
Senin,2020-10-26 00:00:00,228918,28505,198847,1566,994
Minggu,2020-10-25 00:00:00,227848,28287,197998,1563,995
Sabtu,2020-10-24 00:00:00,226592,28055,196975,1562,996
Jumat,2020-10-23 00:00:00,223817,27631,194635,1551,997
Kamis,2020-10-22 00:00:00,219945,27095,191323,1527,998
Rabu,2020-10-21 00:00:00,216458,26251,188695,1512,999
Selasa,2020-10-20 00:00:00,212732,25365,185898,1469,1000
Senin,2020-10-19 00:00:00,209766,24665,183686,1415,1001
Minggu,2020-10-18 00:00:00,208072,24054,182624,1394,1002
Sabtu,2020-10-17 00:00:00,206888,23839,181663,1386,1003
Jumat,2020-10-16 00:00:00,204449,23443,179646,1360,1004
Kamis,2020-10-15 00:00:00,201479,23073,177102,1304,1005
Rabu,2020-10-14 00:00:00,198496,22638,174605,1253,1006
Selasa,2020-10-13 00:00:00,194853,22101,171554,1198,1007
Senin,2020-10-12 00:00:00,191361,21588,168628,1145,1008
Minggu,2020-10-11 00:00:00,189464,21420,166912,1132,1009
Sabtu,2020-10-10 00:00:00,187571,21202,165242,1127,1010
Jumat,2020-10-09 00:00:00,184380,20800,162471,1109,1011
Kamis,2020-10-08 00:00:00,180430,20455,158893,1082,1012
Rabu,2020-10-07 00:00:00,177037,20085,155895,1057,1013
Selasa,2020-10-06 00:00:00,173897,19680,153181,1036,1014
Senin,2020-10-05 00:00:00,171445,19328,151089,1028,1015
Minggu,2020-10-04 00:00:00,170078,19154,149902,1022,1016
Sabtu,2020-10-03 00:00:00,168554,18914,148623,1017,1017
Jumat,2020-10-02 00:00:00,166282,18683,146586,1013,1018
Kamis,2020-10-01 00:00:00,163944,18287,144677,980,1019
Rabu,2020-09-30 00:00:00,161388,17712,142730,946,1020
Selasa,2020-09-29 00:00:00,159262,17081,141315,866,1021
Senin,2020-09-28 00:00:00,157443,16478,140222,743,1022
Minggu,2020-09-27 00:00:00,156455,16237,139506,712,1023
Sabtu,2020-09-26 00:00:00,155519,16137,138671,711,1024
Jumat,2020-09-25 00:00:00,153670,15834,137137,699,1025
Kamis,2020-09-24 00:00:00,151678,15553,135438,687,1026
Rabu,2020-09-23 00:00:00,149256,15078,133514,664,1027
Selasa,2020-09-22 00:00:00,147328,14737,131951,640,1028
Senin,2020-09-21 00:00:00,145566,14454,130489,623,1029
Minggu,2020-09-20 00:00:00,144387,14304,129462,621,1030
Sabtu,2020-09-19 00:00:00,142591,14181,127792,618,1031
Jumat,2020-09-18 00:00:00,140758,13892,126290,576,1032
Kamis,2020-09-17 00:00:00,138670,13501,124653,516,1033
Rabu,2020-09-16 00:00:00,136831,13232,123092,507,1034
Selasa,2020-09-15 00:00:00,134932,12898,121543,491,1035
Senin,2020-09-14 00:00:00,133214,12623,120110,481,1036
Minggu,2020-09-13 00:00:00,132155,12480,119234,441,1037
Sabtu,2020-09-12 00:00:00,131147,12405,118311,431,1038
Jumat,2020-09-11 00:00:00,129889,12075,117399,415,1039
Kamis,2020-09-10 00:00:00,128420,11722,116296,402,1040
Rabu,2020-09-09 00:00:00,126659,11269,115005,385,1041
Selasa,2020-09-08 00:00:00,125059,10896,113803,360,1042
Senin,2020-09-07 00:00:00,123253,10406,112515,332,1043
Minggu,2020-09-06 00:00:00,122115,10178,111618,319,1044
Sabtu,2020-09-05 00:00:00,121383,10042,111026,315,1045
Jumat,2020-09-04 00:00:00,120357,9823,110246,288,1046
Kamis,2020-09-03 00:00:00,118777,9586,108911,280,1047
Rabu,2020-09-02 00:00:00,116999,9201,107528,270,1048
Selasa,2020-09-01 00:00:00,114883,8780,105853,250,1049
Senin,2020-08-31 00:00:00,112948,8487,104218,243,1050
Minggu,2020-08-30 00:00:00,111798,8365,103194,239,1051
Sabtu,2020-08-29 00:00:00,111407,8286,102882,239,1052
Jumat,2020-08-28 00:00:00,109709,7964,101516,229,1053
Kamis,2020-08-27 00:00:00,107768,7598,99951,219,1054
Rabu,2020-08-26 00:00:00,106346,7460,98667,219,1055
Selasa,2020-08-25 00:00:00,104965,7290,97461,214,1056
Senin,2020-08-24 00:00:00,102549,7031,95322,196,1057
Minggu,2020-08-23 00:00:00,101681,6922,94569,190,1058
Sabtu,2020-08-22 00:00:00,101033,6880,93967,186,1059
Jumat,2020-08-21 00:00:00,99925,6770,92971,184,1060
Kamis,2020-08-20 00:00:00,99107,6693,92232,182,1061
Rabu,2020-08-19 00:00:00,98038,6486,91379,173,1062
Selasa,2020-08-18 00:00:00,96720,6331,90224,165,1063
Senin,2020-08-17 00:00:00,96233,6252,89821,160,1064
Minggu,2020-08-16 00:00:00,95873,6210,89503,160,1065
Sabtu,2020-08-15 00:00:00,95521,6158,89203,160,1066
Jumat,2020-08-14 00:00:00,94415,5960,88295,160,1067
Kamis,2020-08-13 00:00:00,92506,5527,86823,156,1068
Rabu,2020-08-12 00:00:00,90794,5330,85315,149,1069
Selasa,2020-08-11 00:00:00,89814,5151,84518,145,1070
Senin,2020-08-10 00:00:00,88840,5038,83660,142,1071
Minggu,2020-08-09 00:00:00,88483,5002,83341,140,1072
Sabtu,2020-08-08 00:00:00,88045,4808,83098,139,1073
Jumat,2020-08-07 00:00:00,86855,4573,82144,138,1074
Kamis,2020-08-06 00:00:00,85483,4399,80951,133,1075
Rabu,2020-08-05 00:00:00,84052,4264,79656,132,1076
Selasa,2020-08-04 00:00:00,82442,4102,78219,121,1077
Senin,2020-08-03 00:00:00,80985,3953,76913,119,1078
Minggu,2020-08-02 00:00:00,80214,3875,76226,113,1079
Sabtu,2020-08-01 00:00:00,79674,3813,75748,113,1080
Jumat,2020-07-31 00:00:00,79298,3764,75421,113,1081
Kamis,2020-07-30 00:00:00,78121,3686,74323,112,1082
Rabu,2020-07-29 00:00:00,76652,3579,72964,109,1083
Selasa,2020-07-28 00:00:00,75079,3498,71474,107,1084
Senin,2020-07-27 00:00:00,74238,3362,70769,107,1085
Minggu,2020-07-26 00:00:00,73622,3284,70238,100,1086
Sabtu,2020-07-25 00:00:00,73181,3276,69806,99,1087
Jumat,2020-07-24 00:00:00,72520,3230,69191,99,1088
Kamis,2020-07-23 00:00:00,71816,3183,68534,99,1089
Rabu,2020-07-22 00:00:00,70684,3088,67500,96,1090
Selasa,2020-07-21 00:00:00,68956,3001,65859,96,1091
Senin,2020-07-20 00:00:00,65916,2930,62891,95,1092
Minggu,2020-07-19 00:00:00,64369,2906,61370,93,1093
Sabtu,2020-07-18 00:00:00,63235,2896,60260,79,1094
Jumat,2020-07-17 00:00:00,62054,2860,59115,79,1095
Kamis,2020-07-16 00:00:00,61456,2794,58584,78,1096
Rabu,2020-07-15 00:00:00,60239,2764,57398,77,1097
Selasa,2020-07-14 00:00:00,59483,2717,56689,77,1098
Senin,2020-07-13 00:00:00,59088,2673,56339,76,1099
Minggu,2020-07-12 00:00:00,58713,2636,56003,74,1100
Sabtu,2020-07-11 00:00:00,58590,2634,55882,74,1101
Jumat,2020-07-10 00:00:00,58033,2622,55337,74,1102
Kamis,2020-07-09 00:00:00,56902,2526,54306,70,1103
Rabu,2020-07-08 00:00:00,55444,2466,52923,55,1104
Selasa,2020-07-07 00:00:00,52560,2380,50135,45,1105
Senin,2020-07-06 00:00:00,51279,2234,49000,45,1106
Minggu,2020-07-05 00:00:00,50031,2166,47820,45,1107
Sabtu,2020-07-04 00:00:00,49911,2161,47705,45,1108
Jumat,2020-07-03 00:00:00,49464,2142,47277,45,1109
Kamis,2020-07-02 00:00:00,48276,2108,46124,44,1110
Rabu,2020-07-01 00:00:00,47242,2062,45136,44,1111
Selasa,2020-06-30 00:00:00,46169,2022,44106,41,1112
Senin,2020-06-29 00:00:00,44458,1942,42475,41,1113
Minggu,2020-06-28 00:00:00,43239,1881,41318,40,1114
Sabtu,2020-06-27 00:00:00,42660,1870,40752,38,1115
Jumat,2020-06-26 00:00:00,41611,1847,39726,38,1116
Kamis,2020-06-25 00:00:00,40727,1808,38881,38,1117
Rabu,2020-06-24 00:00:00,39844,1782,38024,38,1118
Selasa,2020-06-23 00:00:00,38911,1740,37135,36,1119
Senin,2020-06-22 00:00:00,37768,1668,36065,35,1120
Minggu,2020-06-21 00:00:00,37048,1637,35378,33,1121
Sabtu,2020-06-20 00:00:00,36751,1626,35092,33,1122
Jumat,2020-06-19 00:00:00,36496,1617,34846,33,1123
Kamis,2020-06-18 00:00:00,36135,1609,34493,33,1124
Rabu,2020-06-17 00:00:00,35522,1523,33969,30,1125
Selasa,2020-06-16 00:00:00,34243,1451,32765,27,1126
Senin,2020-06-15 00:00:00,32250,1342,30883,25,1127
Minggu,2020-06-14 00:00:00,31312,1206,30081,25,1128
Sabtu,2020-06-13 00:00:00,31027,1158,29844,25,1129
Jumat,2020-06-12 00:00:00,30722,1112,29585,25,1130
Kamis,2020-06-11 00:00:00,30480,1100,29355,25,1131
Rabu,2020-06-10 00:00:00,30187,1076,29086,25,1132
Selasa,2020-06-09 00:00:00,29950,1069,28856,25,1133
Senin,2020-06-08 00:00:00,29193,1058,28111,24,1134
Minggu,2020-06-07 00:00:00,28752,1020,27708,24,1135
Sabtu,2020-06-06 00:00:00,28641,1016,27601,24,1136
Jumat,2020-06-05 00:00:00,28183,989,27170,24,1137
Kamis,2020-06-04 00:00:00,27776,977,26775,24,1138
Rabu,2020-06-03 00:00:00,27359,960,26376,23,1139
Selasa,2020-06-02 00:00:00,26825,930,25872,23,1140
Senin,2020-06-01 00:00:00,26235,907,25305,23,1141
Minggu,2020-05-31 00:00:00,26128,905,25200,23,1142
Sabtu,2020-05-30 00:00:00,25992,904,25065,23,1143
Jumat,2020-05-29 00:00:00,25875,901,24951,23,1144
Kamis,2020-05-28 00:00:00,25526,866,24637,23,1145
Rabu,2020-05-27 00:00:00,25471,865,24583,23,1146
Selasa,2020-05-26 00:00:00,25469,865,24581,23,1147
Senin,2020-05-25 00:00:00,25469,865,24581,23,1148
Minggu,2020-05-24 00:00:00,25469,865,24581,23,1149
Sabtu,2020-05-23 00:00:00,25469,865,24581,23,1150
Jumat,2020-05-22 00:00:00,25469,865,24581,23,1151
Kamis,2020-05-21 00:00:00,25469,865,24581,23,1152
Rabu,2020-05-20 00:00:00,25469,865,24581,23,1153
Selasa,2020-05-19 00:00:00,25469,865,24581,23,1154
Senin,2020-05-18 00:00:00,25469,865,24581,23,1155
Minggu,2020-05-17 00:00:00,25469,865,24581,23,1156
Sabtu,2020-05-16 00:00:00,25469,865,24581,23,1157
Jumat,2020-05-15 00:00:00,25469,865,24581,23,1158
Kamis,2020-05-14 00:00:00,25469,865,24581,23,1159
Rabu,2020-05-13 00:00:00,25469,865,24581,23,1160
Selasa,2020-05-12 00:00:00,25469,865,24581,23,1161
Senin,2020-05-11 00:00:00,25469,865,24581,23,1162
Minggu,2020-05-10 00:00:00,25469,865,24581,23,1163
Sabtu,2020-05-09 00:00:00,25469,865,24581,23,1164
Jumat,2020-05-08 00:00:00,25469,865,24581,23,1165
Kamis,2020-05-07 00:00:00,25469,865,24581,23,1166
Rabu,2020-05-06 00:00:00,25469,865,24581,23,1167
Selasa,2020-05-05 00:00:00,25469,865,24581,23,1168
Senin,2020-05-04 00:00:00,25469,865,24581,23,1169
Minggu,2020-05-03 00:00:00,25469,865,24581,23,1170
Sabtu,2020-05-02 00:00:00,25469,865,24581,23,1171
Jumat,2020-05-01 00:00:00,25469,865,24581,23,1172
Kamis,2020-04-30 00:00:00,25469,865,24581,23,1173
Rabu,2020-04-29 00:00:00,25469,865,24581,23,1174
Selasa,2020-04-28 00:00:00,25469,865,24581,23,1175
Senin,2020-04-27 00:00:00,25469,865,24581,23,1176
Minggu,2020-04-26 00:00:00,25469,865,24581,23,1177
Sabtu,2020-04-25 00:00:00,25469,865,24581,23,1178
Jumat,2020-04-24 00:00:00,25469,865,24581,23,1179
Kamis,2020-04-23 00:00:00,25469,865,24581,23,1180
Rabu,2020-04-22 00:00:00,25469,865,24581,23,1181
Selasa,2020-04-21 00:00:00,25469,865,24581,23,1182
Senin,2020-04-20 00:00:00,25469,865,24581,23,1183
Minggu,2020-04-19 00:00:00,25469,865,24581,23,1184
Sabtu,2020-04-18 00:00:00,25469,865,24581,23,1185
Jumat,2020-04-17 00:00:00,25469,865,24581,23,1186
Kamis,2020-04-16 00:00:00,25469,865,24581,23,1187
Rabu,2020-04-15 00:00:00,25469,865,24581,23,1188
Selasa,2020-04-14 00:00:00,25469,865,24581,23,1189
Senin,2020-04-13 00:00:00,25469,865,24581,23,1190
Minggu,2020-04-12 00:00:00,25469,865,24581,23,1191
Sabtu,2020-04-11 00:00:00,25469,865,24581,23,1192
Jumat,2020-04-10 00:00:00,25469,865,24581,23,1193
Kamis,2020-04-09 00:00:00,25469,865,24581,23,1194
Rabu,2020-04-08 00:00:00,25469,865,24581,23,1195
Selasa,2020-04-07 00:00:00,25469,865,24581,23,1196
Senin,2020-04-06 00:00:00,25469,865,24581,23,1197
Minggu,2020-04-05 00:00:00,25469,865,24581,23,1198
Sabtu,2020-04-04 00:00:00,25469,865,24581,23,1199
Jumat,2020-04-03 00:00:00,25469,865,24581,23,1200
Kamis,2020-04-02 00:00:00,25469,865,24581,23,1201
Rabu,2020-04-01 00:00:00,25469,865,24581,23,1202
Selasa,2020-03-31 00:00:00,25469,865,24581,23,1203
Senin,2020-03-30 00:00:00,25469,865,24581,23,1204
Minggu,2020-03-29 00:00:00,25469,865,24581,23,1205
Sabtu,2020-03-28 00:00:00,25469,865,24581,23,1206
Jumat,2020-03-27 00:00:00,25469,865,24581,23,1207
Kamis,2020-03-26 00:00:00,25469,865,24581,23,1208
Rabu,2020-03-25 00:00:00,25469,865,24581,23,1209
Selasa,2020-03-24 00:00:00,25469,865,24581,23,1210
Senin,2020-03-23 00:00:00,25469,865,24581,23,1211
Minggu,2020-03-22 00:00:00,25469,865,24581,23,1212
Sabtu,2020-03-21 00:00:00,25469,865,24581,23,1213
Jumat,2020-03-20 00:00:00,25469,865,24581,23,1214
Kamis,2020-03-19 00:00:00,25469,865,24581,23,1215
Rabu,2020-03-18 00:00:00,25469,865,24581,23,1216
Selasa,2020-03-17 00:00:00,25469,865,24581,23,1217
Senin,2020-03-16 00:00:00,25469,865,24581,23,1218
Minggu,2020-03-15 00:00:00,25469,865,24581,23,1219
Sabtu,2020-03-14 00:00:00,25469,865,24581,23,1220
Jumat,2020-03-13 00:00:00,25469,865,24581,23,1221
Kamis,2020-03-12 00:00:00,25469,865,24581,23,1222
Rabu,2020-03-11 00:00:00,25469,865,24581,23,1223
Selasa,2020-03-10 00:00:00,25469,865,24581,23,1224
Senin,2020-03-09 00:00:00,25469,865,24581,23,1225
Minggu,2020-03-08 00:00:00,25469,865,24581,23,1226
Sabtu,2020-03-07 00:00:00,25469,865,24581,23,1227
Jumat,2020-03-06 00:00:00,25469,865,24581,23,1228
Kamis,2020-03-05 00:00:00,25469,865,24581,23,1229
Rabu,2020-03-04 00:00:00,25469,865,24581,23,1230
Selasa,2020-03-03 00:00:00,25469,865,24581,23,1231
Senin,2020-03-02 00:00:00,25469,865,24581,23,1232
Minggu,2020-03-01 00:00:00,25469,865,24581,23,1233
Sabtu,2020-02-29 00:00:00,25469,865,24581,23,1234
Jumat,2020-02-28 00:00:00,25469,865,24581,23,1235
Kamis,2020-02-27 00:00:00,25469,865,24581,23,1236
Rabu,2020-02-26 00:00:00,25469,865,24581,23,1237
Selasa,2020-02-25 00:00:00,25469,865,24581,23,1238
Senin,2020-02-24 00:00:00,25469,865,24581,23,1239
Minggu,2020-02-23 00:00:00,25469,865,24581,23,1240
Sabtu,2020-02-22 00:00:00,25469,865,24581,23,1241
Jumat,2020-02-21 00:00:00,25469,865,24581,23,1242
Kamis,2020-02-20 00:00:00,25469,865,24581,23,1243
Rabu,2020-02-19 00:00:00,25469,865,24581,23,1244
Selasa,2020-02-18 00:00:00,25469,865,24581,23,1245
Senin,2020-02-17 00:00:00,25469,865,24581,23,1246
Minggu,2020-02-16 00:00:00,25469,865,24581,23,1247
Sabtu,2020-02-15 00:00:00,25469,865,24581,23,1248
Jumat,2020-02-14 00:00:00,25469,865,24581,23,1249
Kamis,2020-02-13 00:00:00,25469,865,24581,23,1250
Rabu,2020-02-12 00:00:00,25469,865,24581,23,1251
Selasa,2020-02-11 00:00:00,25469,865,24581,23,1252
Senin,2020-02-10 00:00:00,25469,865,24581,23,1253
Minggu,2020-02-09 00:00:00,25469,865,24581,23,1254
Sabtu,2020-02-08 00:00:00,25469,865,24581,23,1255
Jumat,2020-02-07 00:00:00,25469,865,24581,23,1256
Kamis,2020-02-06 00:00:00,25469,865,24581,23,1257
Rabu,2020-02-05 00:00:00,25469,865,24581,23,1258
Selasa,2020-02-04 00:00:00,25469,865,24581,23,1259
Senin,2020-02-03 00:00:00,25469,865,24581,23,1260
Minggu,2020-02-02 00:00:00,25469,865,24581,23,1261
Sabtu,2020-02-01 00:00:00,25469,865,24581,23,1262
Jumat,2020-01-31 00:00:00,25469,865,24581,23,1263
Kamis,2020-01-30 00:00:00,25469,865,24581,23,1264
Rabu,2020-01-29 00:00:00,25469,865,24581,23,1265
Selasa,2020-01-28 00:00:00,25469,865,24581,23,1266
Senin,2020-01-27 00:00:00,25469,865,24581,23,1267
Minggu,2020-01-26 00:00:00,25469,865,24581,23,1268
Sabtu,2020-01-25 00:00:00,25469,865,24581,23,1269
Jumat,2020-01-24 00:00:00,25469,865,24581,23,1270
Kamis,2020-01-23 00:00:00,25469,865,24581,23,1271
Rabu,2020-01-22 00:00:00,25469,865,24581,23,1272
Selasa,2020-01-21 00:00:00,25469,865,24581,23,1273
Senin,2020-01-20 00:00:00,25469,865,24581,23,1274
Minggu,2020-01-19 00:00:00,25469,865,24581,23,1275
Sabtu,2020-01-18 00:00:00,25469,865,24581,23,1276
Jumat,2020-01-17 00:00:00,25469,865,24581,23,1277
Kamis,2020-01-16 00:00:00,25469,865,24581,23,1278
Rabu,2020-01-15 00:00:00,25469,865,24581,23,1279
Selasa,2020-01-14 00:00:00,25469,865,24581,23,1280
Senin,2020-01-13 00:00:00,25469,865,24581,23,1281
Minggu,2020-01-12 00:00:00,25469,865,24581,23,1282
Sabtu,2020-01-11 00:00:00,25469,865,24581,23,1283
Jumat,2020-01-10 00:00:00,25469,865,24581,23,1284
Kamis,2020-01-09 00:00:00,25469,865,24581,23,1285
Rabu,2020-01-08 00:00:00,25469,865,24581,23,1286
Selasa,2020-01-07 00:00:00,25469,865,24581,23,1287
Minggu,2020-01-05 00:00:00,25469,865,24581,23,1288
